country,iso3,year,under_sanctions,scope,stated_justification,legal_authority,layer1_ofac_events,layer2_multilateral,layer3_agency_actions,layer4_kinetic,eiii_score,polity,friction,degradation,resource_density,fiscal_pressure,gdp_pc_log,trend,vdem_electoral,vdem_elections,eiii_equal,eiii_rawcount,eiii_financial,friction_z,resource_density_z,fiscal_pressure_z,gdp_pc_log_z,trend_z,regime_z,fric_x_fiscal
Afghanistan,AFG,2002,1,targeted,terrorism,IEEPA,0,3,0,69,72,-7.0,3.4355,0,1.28,1.564,5.187,57,0.218,0.0,2,23,3,-0.03968099537141271,-0.7532313911197263,-0.41637381299049764,-1.7020703358686058,-0.22070931188247725,-0.11457549159847931,0.0165221273460534
Afghanistan,AFG,2003,1,targeted,terrorism,IEEPA,0,0,0,11,11,-7.0,3.2829,0,0.73,1.336,5.293,58,0.224,0.0,1,11,0,-0.2581931832018375,-0.7926432910345464,-0.7708841483707056,-1.614051776630582,-0.13933130922422401,-0.07521469022528592,0.19903703214767007
Afghanistan,AFG,2004,1,targeted,terrorism,IEEPA,0,3,0,10,13,-7.0,3.5228,0,0.46,1.312,5.402,59,0.235,0.051,2,13,3,0.08532630474389569,-0.8119909509927309,-0.8082010257791487,-1.523542126093369,-0.05795330656597079,-0.003053221041098185,-0.06896080701996073
Afghanistan,AFG,2005,1,targeted,terrorism,IEEPA,0,0,0,9,9,-7.0,3.3673,0,0.39,1.411,5.538,60,0.311,0.209,1,9,0,-0.13733847381200887,-0.8170070109818898,-0.6542689064693215,-1.4106126538634516,0.023424696092282447,0.4955169296860179,0.08985629307714858
Afghanistan,AFG,2006,1,targeted,terrorism,IEEPA,0,1027,0,11,1038,-7.0,3.4996,0,0.5,1.64,5.614,61,0.364,0.211,2,61,1027,0.052105578940056387,-0.8091246309989258,-0.29820370119709516,-1.3475050076173216,0.10480269875053569,0.8432040084825593,-0.015538076492942228
Afghanistan,AFG,2007,1,targeted,terrorism,IEEPA,0,51,0,21,72,-7.0,3.1352,0,0.45,1.638,5.93,62,0.364,0.211,2,70,51,-0.46968892463403744,-0.8127075309911822,-0.3013134409811321,-1.0851100574360435,0.18618070140878892,0.8432040084825593,0.14152358607220944
Afghanistan,AFG,2008,1,targeted,terrorism,IEEPA,0,52,0,22,74,-7.0,3.1301,0,0.6,1.711,5.945,63,0.368,0.211,2,70,52,-0.47699175659953674,-0.8019588310144131,-0.1878079388637845,-1.0726546009400961,0.2675587040670422,0.8694445427313549,0.08958283866197497
Afghanistan,AFG,2009,1,targeted,terrorism,IEEPA,0,54,0,8,62,-7.0,3.1223,0,0.42,1.291,6.114,64,0.361,0.189,2,58,54,-0.4881607937232413,-0.814857270986536,-0.8408532935115364,-0.9323231244190965,0.3489367067252954,0.8235236077959626,0.41047161116539316
Afghanistan,AFG,2010,1,targeted,terrorism,IEEPA,0,19,0,7,26,-7.0,3.0221,0,0.63,1.304,6.329,65,0.347,0.152,2,26,19,-0.6316399629277536,-0.7998090910190592,-0.8206399849152963,-0.7537949146438597,0.43031470938354865,0.731681737925178,0.51834900964893
Afghanistan,AFG,2011,1,targeted,terrorism,IEEPA,0,194,0,13,207,-7.0,3.0122,0,0.84,1.474,6.408,66,0.346,0.155,2,63,194,-0.6458160485078401,-0.7847609110515824,-0.5563121032721589,-0.6881961770985396,0.5116927120418019,0.725121604362979,0.3592752842723111
Afghanistan,AFG,2012,1,targeted,terrorism,IEEPA,0,80,0,13,93,-7.0,3.0095,0,0.68,1.356,6.479,67,0.35,0.153,2,63,80,-0.6496822536660454,-0.7962261910268028,-0.7397867505303365,-0.6292403496843918,0.5930707147000551,0.7513621386117747,0.4806263233168295
Afghanistan,AFG,2013,1,targeted,terrorism,IEEPA,0,28,0,12,40,-7.0,3.0611,0,0.6,1.309,6.457,68,0.345,0.16,2,40,28,-0.5757947773092307,-0.8019588310144131,-0.8128656354552042,-0.647508352545114,0.6744487173583084,0.7185614708007801,0.4680437875492556
Afghanistan,AFG,2014,1,targeted,terrorism,IEEPA,0,5,0,10,15,-1.0,3.2212,0,0.54,1.3,6.438,69,0.35,0.181,2,15,5,-0.3465431307060133,-0.8062583110051207,-0.8268594644833701,-0.6632852641066466,0.7558267200165616,0.7513621386117747,0.2865424674759647
Afghanistan,AFG,2015,1,targeted,terrorism,IEEPA,0,4,0,14,18,-1.0,3.2561,0,0.47,1.22,6.338,70,0.348,0.188,2,18,4,-0.2965688492166174,-0.8112743709942796,-0.9512490558448468,-0.7463216407462914,0.8372047226748148,0.7382418714873769,0.28211083781030005
Afghanistan,AFG,2016,1,targeted,terrorism,IEEPA,0,1209,0,23,1232,-1.0,3.1878,0,0.62,1.276,6.258,71,0.34,0.172,2,70,1209,-0.39436952044085044,-0.8005256710175106,-0.8641763418918131,-0.8127507420580075,0.9185827253330681,0.685760802989786,0.34080480952820275
Afghanistan,AFG,2017,1,targeted,terrorism,IEEPA,0,64,0,24,88,-1.0,3.2404,0,0.7,1.339,6.264,72,0.334,0.155,2,70,64,-0.3190501162476635,-0.7947930310299003,-0.7662195386946504,-0.8077685594596286,0.9999607279913213,0.6464000016165926,0.2444624328917593
Afghanistan,AFG,2018,1,targeted,terrorism,IEEPA,0,64,0,17,81,-1.0,3.3177,0,0.86,1.573,6.197,73,0.33,0.151,2,67,64,-0.20836209449607918,-0.7833277510546799,-0.40237998396233166,-0.8634029318081909,1.0813387306495745,0.620159467367797,0.08384073624169017
Afghanistan,AFG,2019,1,targeted,terrorism,IEEPA,0,48,0,18,66,-1.0,3.4628,0,0.68,1.742,6.208,74,0.329,0.134,2,66,48,-0.0005893654384469949,-0.7962261910268028,-0.1396069722112125,-0.8542689303778298,1.1627167333078277,0.6135993338055982,8.227952438751868e-05
Afghanistan,AFG,2020,1,targeted,terrorism,IEEPA,0,349,0,11,360,-1.0,3.0695,0,0.31,1.616,6.236,75,0.336,0.174,2,61,349,-0.5637665834837027,-0.8227396509695,-0.3355205786055378,-0.8310187449187296,1.244094735966081,0.6595202687409905,0.18915529028891914
Afghanistan,AFG,2021,1,targeted,terrorism,IEEPA,0,1,0,8,9,-1.0,3.0779,0,0.43,1.485,5.876,76,0.144,0.067,2,9,1,-0.5517383896581748,-0.8141406909880847,-0.5392085344599556,-1.1299497008214512,1.3254727386243341,-0.6000253752011976,0.29750204849288037
Angola,AGO,1993,1,targeted,democracy,IEEPA,4,0,0,0,4,-1.0,3.7239,1,36.66,2.897,6.109,48,0.155,0.0,1,4,4,0.3732869926383804,1.7820286434008894,1.6562677530701044,-0.9364749432510786,-0.9531113358067564,-0.5278639060170097,0.6182632085474669
Angola,AGO,1994,1,targeted,democracy,IEEPA,0,0,0,0,0,-2.0,3.5667,1,43.64,2.785,5.814,49,0.155,0.0,0,0,0,0.14818793676064276,2.2822014823198806,1.4821223251640379,-1.1814322543380313,-0.8717333331485031,-0.5278639060170097,0.21963264939294525
Angola,AGO,1995,1,targeted,democracy,IEEPA,0,0,0,0,0,-3.0,3.5654,1,44.21,3.039,6.002,50,0.155,0.0,0,0,0,0.14632643057335856,2.3230465422316033,1.8770592777367257,-1.0253238662554989,-0.7903553304902499,-0.5278639060170097,0.2746633840858215
Angola,AGO,1996,1,targeted,democracy,IEEPA,0,0,0,0,0,-4.0,3.7511,1,41.36,2.986,6.275,51,0.155,0.0,0,0,0,0.4122354297877092,2.1188212426729893,1.7946511734597477,-0.7986345580292675,-0.7089773278319966,-0.5278639060170097,0.7398187978101958
Angola,AGO,1997,1,targeted,democracy,IEEPA,0,0,0,0,0,-6.0,3.6722,1,39.45,2.844,6.257,52,0.155,0.0,0,0,0,0.29925632349792874,1.981954462968796,1.5738596487931262,-0.8135811058244042,-0.6275993251737434,-0.5278639060170097,0.4709874521995723
Angola,AGO,1998,1,targeted,democracy,IEEPA,0,0,0,0,0,-6.0,3.6032,1,24.27,2.661,6.062,53,0.155,0.0,0,0,0,0.2004533027882348,0.8941860253197581,1.289318458553749,-0.9755020402717115,-0.5462213225154902,-0.5278639060170097,0.2584481433629348
Angola,AGO,1999,1,targeted,democracy,IEEPA,0,0,0,0,0,-6.0,3.4879,1,40.8,2.386,5.973,54,0.155,0.0,0,0,0,0.0353520232544992,2.078692762759718,0.8617292382486736,-1.049404415480996,-0.464843319857237,-0.5278639060170097,0.030463872069648994
Angola,AGO,2000,1,targeted,democracy,IEEPA,0,0,0,0,0,-6.0,3.3234,1,59.14,2.175,6.335,55,0.155,0.0,0,0,0,-0.20020010582875658,3.392900479919359,0.5336516910327789,-0.7488127320454808,-0.38346531719898375,-0.5278639060170097,-0.10683712502045724
Angola,AGO,2001,1,targeted,democracy,IEEPA,0,0,0,0,0,-6.0,2.8758,1,44.22,1.948,6.28,56,0.155,0.0,0,0,0,-0.8411310053890324,2.3237631222300545,0.18069622554458947,-0.7944827391972853,-0.3020873145407305,-0.5278639060170097,-0.1519891978623239
Angola,AGO,2002,1,targeted,democracy,IEEPA,0,0,0,0,0,-2.0,2.8231,1,32.88,1.564,6.907,57,0.159,0.0,0,0,0,-0.9165936023658563,1.5111614039863073,-0.41637381299049764,-0.27384465766671107,-0.22070931188247725,-0.5016233717682141,0.3816455731797676
Angola,AGO,2003,1,targeted,democracy,IEEPA,0,0,0,0,0,-2.0,3.3733,1,28.41,1.336,7.033,58,0.166,0.0,0,0,0,-0.1287469067937749,1.1908501446785864,-0.7708841483707056,-0.16921882310075803,-0.13933130922422401,-0.4557024368328218,0.09924894959908177
Belarus,BLR,2006,1,targeted,democracy,IEEPA,4,0,0,0,4,-7.0,2.9501,0,1.68,1.64,8.255,61,0.225,0.172,1,4,4,-0.7347387671465647,-0.7245681911816753,-0.29820370119709516,0.8454856994357048,0.10480269875053569,-0.06865455666308701,0.21910181977609627
Belarus,BLR,2007,1,targeted,democracy,IEEPA,0,0,0,0,0,-7.0,2.9436,0,1.56,1.638,8.463,62,0.222,0.167,0,0,0,-0.7440462980829852,-0.7331671511630905,-0.3013134409811321,1.0182013628461652,0.18618070140878892,-0.08833495734968372,0.2241911503246574
Belarus,BLR,2008,1,targeted,democracy,IEEPA,0,2,0,0,2,-7.0,3.0619,0,1.6,1.711,8.76,63,0.224,0.174,1,2,2,-0.5746492350401329,-0.7303008311692855,-0.1878079388637845,1.2648194014659115,0.2675587040670422,-0.07521469022528592,0.1079236884025378
Belarus,BLR,2009,1,targeted,democracy,IEEPA,0,376,0,0,376,-7.0,3.0511,0,1.14,1.291,8.585,64,0.227,0.193,1,50,376,-0.5901140556729547,-0.763263511098044,-0.8408532935115364,1.1195057423465335,0.3489367067252954,-0.055534289538689205,0.4961993472600541
Belarus,BLR,2010,1,targeted,democracy,IEEPA,0,8,0,0,8,-7.0,2.8275,0,1.21,1.304,8.705,65,0.226,0.191,1,8,8,-0.9102931198858178,-0.7582474511088853,-0.8206399849152963,1.219149394314107,0.43031470938354865,-0.062094423100888106,0.7470229321715955
Belarus,BLR,2011,1,targeted,democracy,IEEPA,0,0,0,0,0,-7.0,2.7591,0,1.65,1.474,8.784,66,0.216,0.148,0,0,0,-1.0082369838936884,-0.726717931177029,-0.5563121032721589,1.2847481318594272,0.5116927120418019,-0.1276957587228771,0.5608944371066755
Belarus,BLR,2012,1,targeted,democracy,IEEPA,0,0,0,0,0,-7.0,2.8012,0,1.73,1.356,8.847,67,0.221,0.169,0,0,0,-0.9479528219824114,-0.7209852911894188,-0.7397867505303365,1.3370610491424024,0.5930707147000551,-0.09489509091188261,0.7012829378304306
Belarus,BLR,2013,1,targeted,democracy,IEEPA,0,0,0,0,0,-7.0,2.7922,0,1.44,1.309,8.987,68,0.242,0.224,0,0,0,-0.9608401725097633,-0.7417661111445059,-0.8128656354552042,1.453311976437906,0.6744487173583084,0.04286771389429412,0.7810339573980367
Belarus,BLR,2014,1,targeted,democracy,IEEPA,0,0,0,0,0,-7.0,2.88,0,1.32,1.3,9.029,69,0.243,0.224,0,0,0,-0.8351169084762684,-0.7503650711259211,-0.8268594644833701,1.4881872546265569,0.7558267200165616,0.04942784745649302,0.6905243197236949
Belarus,BLR,2015,1,targeted,democracy,IEEPA,0,0,0,0,0,-7.0,2.8247,0,1.17,1.22,8.694,70,0.247,0.226,0,0,0,-0.9143025178276607,-0.7611137711026903,-0.9512490558448468,1.2100153928837467,0.8372047226748148,0.07566838170528863,0.8697294068401284
Belarus,BLR,2016,1,targeted,democracy,IEEPA,0,0,0,0,0,-7.0,2.6805,0,1.24,1.276,8.525,71,0.256,0.23,0,0,0,-1.1207865118325575,-0.7560977111135313,-0.8641763418918131,1.069683916362746,0.9185827253330681,0.13470958376507872,0.9685571878371448
Belarus,BLR,2017,1,targeted,democracy,IEEPA,0,0,0,0,0,-7.0,2.7619,0,1.56,1.339,8.663,72,0.254,0.228,0,0,0,-1.0042275859518464,-0.7331671511630905,-0.7662195386946504,1.1842741161254562,0.9999607279913213,0.12158931664068093,0.7694587976524662
Belarus,BLR,2018,1,targeted,democracy,IEEPA,0,0,0,0,0,-7.0,2.8727,0,1.98,1.573,8.758,73,0.252,0.228,0,0,0,-0.8455699816817865,-0.7030707912281369,-0.40237998396233166,1.263158673933118,1.0813387306495745,0.10846904951628313,0.3402404356681463
Belarus,BLR,2019,1,targeted,democracy,IEEPA,0,0,0,0,0,-7.0,3.1377,0,1.67,1.742,8.83,74,0.259,0.228,0,0,0,-0.4661091050431066,-0.7252847711801265,-0.1396069722112125,1.3229448651136633,1.1627167333078277,0.15438998445167543,0.0650720808751461
Belarus,BLR,2020,1,targeted,democracy,IEEPA,0,0,0,0,0,-7.0,2.8696,0,1.52,1.616,8.786,75,0.208,0.174,0,0,0,-0.8500089579745408,-0.7360334711568957,-0.3355205786055378,1.2864088593922192,1.244094735966081,-0.18017682722046832,0.28519549739950817
Belarus,BLR,2021,1,targeted,democracy,IEEPA,0,0,0,0,0,-7.0,2.8922,0,1.86,1.485,8.921,76,0.172,0.131,0,0,0,-0.8176473888725254,-0.7116697512095522,-0.5392085344599556,1.3985079678557397,1.3254727386243341,-0.41634163545962855,0.4408824502589639
Bosnia,BIH,1994,1,targeted,human_rights,IEEPA,0,0,0,0,0,0.0,2.9143,1,0.25,2.785,5.82,49,0.187,0.0,0,0,0,-0.7860017836886959,-0.8270391309602078,1.4821223251640379,-1.1764500717396524,-0.8717333331485031,-0.31793963202664505,-1.164950791223771
Bosnia,BIH,1995,1,targeted,human_rights,IEEPA,0,0,0,0,0,0.0,2.9496,1,1.37,3.039,6.219,50,0.187,0.0,0,0,0,-0.7354547310647506,-0.7467821711336649,1.8770592777367257,-0.8451349289474688,-0.7903553304902499,-0.31793963202664505,-1.3804921263004586
Bosnia,BIH,1996,1,targeted,human_rights,IEEPA,0,3,0,0,3,0.0,2.4033,0,0.09,2.986,6.578,51,0.268,0.19,1,3,3,-1.51771690807498,-0.8385044109354282,1.7946511734597477,-0.5470343368111431,-0.7089773278319966,0.21343118651146553,-2.7237724300564627
Bosnia,BIH,1997,1,targeted,human_rights,IEEPA,0,6,0,0,6,0.0,2.4669,0,1.91,2.844,6.818,52,0.584,0.637,1,6,6,-1.4266462976816974,-0.7080868512172959,1.5738596487931262,-0.3477470328759955,-0.6275993251737434,2.286433392166316,-2.24534104102133
Bosnia,BIH,2000,1,targeted,human_rights,IEEPA,0,65,0,0,65,0.0,1.8696,0,1.26,2.175,7.199,55,0.635,0.725,1,50,65,-2.281936794346918,-0.7546645511166288,0.5336516910327789,-0.03137843787894767,-0.38346531719898375,2.62100020383846,-1.2177594291331513
Bosnia,BIH,2001,1,targeted,human_rights,IEEPA,0,20,0,0,20,0.0,1.9467,0,1.32,1.948,7.236,56,0.654,0.762,1,20,20,-2.1715351581626074,-0.7503650711259211,0.18069622554458947,-0.0006549785222790662,-0.3020873145407305,2.745642741520239,-0.3923882067173563
Bosnia,BIH,2002,1,targeted,human_rights,IEEPA,0,382,0,0,382,0.0,1.4656,0,0.88,1.564,7.382,57,0.654,0.767,1,50,382,-2.860435640241358,-0.7818945910577773,-0.41637381299049764,0.12057813137160263,-0.22070931188247725,2.745642741520239,1.1910104943412096
Bosnia,BIH,2003,1,targeted,human_rights,IEEPA,0,68,0,0,68,0.0,1.6624,0,0.82,1.336,7.618,58,0.661,0.782,1,50,68,-2.578632242043274,-0.7861940710484849,-0.7708841483707056,0.3165439802411655,-0.13933130922422401,2.7915636764556315,1.9878267198687727
Bosnia,BIH,2004,1,targeted,human_rights,IEEPA,0,18,0,0,18,0.0,1.9367,0,1.71,1.312,7.805,59,0.647,0.75,1,18,18,-2.185854436526331,-0.7224184511863214,-0.8082010257791487,0.4718220045573012,-0.05795330656597079,2.6997218065848467,1.7666097978044837
Bosnia,BIH,2005,1,targeted,human_rights,IEEPA,0,0,0,0,0,0.0,1.8054,0,1.83,1.411,7.916,60,0.647,0.75,0,0,0,-2.3738665614420245,-0.7138194912049061,-0.6542689064693215,0.5639923826273078,0.023424696092282447,2.6997218065848467,1.5531470792587616
Bosnia,BIH,2006,1,targeted,human_rights,IEEPA,0,0,0,0,0,0.0,1.8097,0,1.64,1.64,8.06,61,0.626,0.702,0,0,0,-2.367709271745623,-0.7274345111754803,-0.29820370119709516,0.6835647649883968,0.10480269875053569,2.56195900177867,0.7060596681932235
Bosnia,BIH,2007,1,targeted,human_rights,IEEPA,0,0,0,0,0,0.0,1.7842,0,2.12,1.638,8.277,62,0.566,0.56,0,0,0,-2.4042234315731186,-0.6930386712498191,-0.3013134409811321,0.8637537022964255,0.18618070140878892,2.1683509880467358,0.7244248350547617
Bosnia,BIH,2008,1,targeted,human_rights,IEEPA,0,0,0,0,0,0.0,1.9483,0,3.64,1.711,8.485,63,0.562,0.557,0,0,0,-2.169244073624412,-0.584118511485225,-0.1878079388637845,1.0364693657068873,0.2675587040670422,2.1421104537979407,0.4074012583598804
Bosnia,BIH,2009,1,targeted,human_rights,IEEPA,0,433,0,0,433,0.0,1.7564,0,1.46,1.291,8.421,64,0.56,0.557,1,50,433,-2.444031025424271,-0.7403329511476033,-0.8408532935115364,0.9833260846575145,0.3489367067252954,2.1289901866735432,2.055071537172376
Bosnia,BIH,2010,1,targeted,human_rights,IEEPA,0,56,0,0,56,0.0,1.7212,0,2.72,1.304,8.413,65,0.566,0.554,1,50,56,-2.494434885264578,-0.6500438713427424,-0.8206399849152963,0.9766831745263436,0.43031470938354865,2.1683509880467358,2.0470330066157123
Bosnia,BIH,2011,1,targeted,human_rights,IEEPA,0,0,0,0,0,0.0,1.7586,0,3.53,1.474,8.514,66,0.564,0.545,0,0,0,-2.4408807841842517,-0.5920008914681891,-0.5563121032721589,1.0605499149323843,0.5116927120418019,2.155230720922338,1.3578915228861375
Bosnia,BIH,2012,1,targeted,human_rights,IEEPA,0,3281,0,0,3281,0.0,1.6221,0,2.22,1.356,8.454,67,0.566,0.542,1,50,3281,-2.636338933849081,-0.6858728712653063,-0.7397867505303365,1.0107280889485983,0.5930707147000551,2.1683509880467358,1.9503286131688233
Bosnia,BIH,2013,1,targeted,human_rights,IEEPA,0,89,0,0,89,0.0,1.6153,0,1.76,1.309,8.524,68,0.56,0.546,1,50,89,-2.646076043136413,-0.718835551194065,-0.8128656354552042,1.0688535525963487,0.6744487173583084,2.1289901866735432,2.1509042842668724
Bosnia,BIH,2014,1,targeted,human_rights,IEEPA,0,93,0,0,93,0.0,1.7134,0,1.24,1.3,8.558,69,0.557,0.543,1,50,93,-2.505603922388283,-0.7560977111135313,-0.8268594644833701,1.0970859206538286,0.7558267200165616,2.1093097859869463,2.0717823174734074
Bosnia,BIH,2015,1,targeted,human_rights,IEEPA,0,0,0,0,0,0.0,1.6792,0,1.02,1.22,8.447,70,0.547,0.531,0,0,0,-2.554575854392218,-0.7718624710794595,-0.9512490558448468,1.004915542583822,0.8372047226748148,2.0437084503649574,2.4300378695746403
Bosnia,BIH,2016,1,targeted,human_rights,IEEPA,0,326,0,0,326,0.0,1.6898,0,1.05,1.276,8.503,71,0.547,0.537,1,50,326,-2.5393974193266713,-0.7697127310841055,-0.8641763418918131,1.051415913502024,0.9185827253330681,2.0437084503649574,2.1944871724432335
Bosnia,BIH,2017,1,targeted,human_rights,IEEPA,0,98,0,0,98,0.0,1.6858,0,1.28,1.339,8.584,72,0.541,0.537,1,50,98,-2.5451251306721607,-0.7532313911197263,-0.7662195386946504,1.118675378580136,0.9999607279913213,2.004347648991764,1.950124603543785
Bosnia,BIH,2018,1,targeted,human_rights,IEEPA,0,97,0,0,97,0.0,1.7913,0,1.05,1.573,8.707,73,0.513,0.523,1,50,97,-2.394056743934875,-0.7697127310841055,-0.40237998396233166,1.2208101218469005,1.0813387306495745,1.8206639092501948,0.963320514229427
Bosnia,BIH,2019,1,targeted,human_rights,IEEPA,0,2,0,0,2,0.0,2.051,0,0.8,1.742,8.72,74,0.515,0.521,1,2,2,-2.022185084828968,-0.7876272310453875,-0.1396069722112125,1.231604850810054,1.1627167333078277,1.8337841763745926,0.2823111369436461
Bosnia,BIH,2020,1,targeted,human_rights,IEEPA,0,0,0,0,0,0.0,1.8608,0,0.78,1.616,8.721,75,0.517,0.526,0,0,0,-2.2945377593069947,-0.7890603910422901,-0.3355205786055378,1.23243521457645,1.244094735966081,1.8469044434989903,0.7698646366349371
Bosnia,BIH,2021,1,targeted,human_rights,IEEPA,0,0,0,0,0,0.0,1.9754,0,0.81,1.485,8.895,76,0.508,0.519,0,0,0,-2.13043882925872,-0.7869106510469362,-0.5392085344599556,1.376918509929432,1.3254727386243341,1.7878632414392002,1.1487507988811783
Burundi,BDI,2015,1,targeted,human_rights,IEEPA,4,49,0,0,53,-1.0,2.9389,1,15.53,1.22,5.539,70,0.196,0.08,2,53,53,-0.7507763589139355,0.26789510667334254,-0.9512490558448468,-1.4097822900970556,0.8372047226748148,-0.25889842996685497,0.7141753025675129
Burundi,BDI,2016,1,targeted,human_rights,IEEPA,0,0,0,0,0,-1.0,3.6813,0,19.1,1.276,5.451,71,0.166,0.028,0,0,0,0.3122868668089169,0.5237141661204483,-0.8641763418918131,-1.4828543015399434,0.9185827253330681,-0.4557024368328218,-0.26987092217978564
Burundi,BDI,2017,1,targeted,human_rights,IEEPA,0,0,0,0,0,-1.0,3.7912,0,18.51,1.339,5.506,72,0.157,0.028,0,0,0,0.4696557360262412,0.48143594621182306,-0.7662195386946504,-1.437184294388138,0.9999607279913213,-0.5147436388926119,-0.35985940140332306
Burundi,BDI,2018,1,targeted,human_rights,IEEPA,0,0,0,0,0,-1.0,3.9979,0,13.43,1.573,5.504,73,0.157,0.028,0,0,0,0.7656352198044116,0.11741330699857451,-0.40237998396233166,-1.4388450219209314,1.0813387306495745,-0.5147436388926119,-0.30807628746589544
Burundi,BDI,2019,1,targeted,human_rights,IEEPA,0,0,0,0,0,-1.0,3.8952,1,13.13,1.742,5.457,74,0.159,0.028,0,0,0,0.6185762310089685,0.0959159070450363,-0.1396069722112125,-1.4778721189415644,1.1627167333078277,-0.5016233717682141,-0.08635755469298563
Burundi,BDI,2020,1,targeted,human_rights,IEEPA,0,0,0,0,0,-1.0,3.7003,1,13.85,1.616,5.545,75,0.168,0.055,0,0,0,0.3394934956999922,0.14750966693352813,-0.3355205786055378,-1.4048001074986767,1.244094735966081,-0.442582169708424,-0.11390705411007805
Burundi,BDI,2021,1,targeted,human_rights,IEEPA,0,0,0,0,0,-1.0,3.8774,1,13.96,1.485,5.58,76,0.181,0.073,0,0,0,0.5930879155215405,0.15539204691649225,-0.5392085344599556,-1.3757373756748008,1.3254727386243341,-0.35730043339983847,-0.3197980657342798
Central African Republic,CAF,2014,1,targeted,human_rights,IEEPA,4,5,0,3,12,0.0,2.7736,1,11.27,1.3,6.016,69,0.282,0.0,3,12,9,-0.9874740302662891,-0.03736797266690119,-0.8268594644833701,-1.0136987735259484,0.7558267200165616,0.3052730563822498,0.816502247857219
Central African Republic,CAF,2015,1,targeted,human_rights,IEEPA,0,8,0,3,11,0.0,2.4546,1,12.69,1.22,5.904,70,0.284,0.002,2,11,8,-1.444259010069077,0.06438638711318005,-0.9512490558448468,-1.1066995153623511,0.8372047226748148,0.31839332350664756,1.3738500197236225
Central African Republic,CAF,2016,1,targeted,human_rights,IEEPA,0,852,0,0,852,6.0,2.5846,0,13.06,1.276,5.959,71,0.4,0.289,1,50,852,-1.2581083913406683,0.09089984705587735,-0.8641763418918131,-1.0610295082105465,0.9185827253330681,1.0793688167217197,1.0872275073321724
Central African Republic,CAF,2017,1,targeted,human_rights,IEEPA,0,45,0,0,45,6.0,2.6712,1,13.42,1.339,6.069,72,0.396,0.289,1,45,45,-1.1341034407108208,0.11669672700012325,-0.7662195386946504,-0.9696894939069366,0.9999607279913213,1.053128282472924,0.8689722151734609
Central African Republic,CAF,2018,1,targeted,human_rights,IEEPA,0,44,0,0,44,6.0,2.6165,1,11.18,1.573,6.121,73,0.406,0.289,1,44,44,-1.2124298933603899,-0.04381719265296267,-0.40237998396233166,-0.9265105780543208,1.0813387306495745,1.1187296180949131,0.48785752104580515
Central African Republic,CAF,2019,1,targeted,human_rights,IEEPA,0,233,0,0,233,6.0,2.8572,1,9.81,1.742,6.108,74,0.379,0.289,1,50,233,-0.8677648631455582,-0.14198865244078748,-0.1396069722112125,-0.9373053070174753,1.1627167333078277,0.9416060119155428,0.12114602513502855
Central African Republic,CAF,2020,1,targeted,human_rights,IEEPA,0,2,0,0,2,6.0,2.5979,1,9.89,1.616,6.137,75,0.374,0.283,1,2,2,-1.2390637511169156,-0.13625601245317726,-0.3355205786055378,-0.9132247577919783,1.244094735966081,0.9088053441045483,0.4157313867038956
Central African Republic,CAF,2021,1,targeted,human_rights,IEEPA,0,1,0,0,1,6.0,2.615,1,10.26,1.485,6.199,76,0.343,0.178,1,1,1,-1.2145777851149477,-0.1097425525104801,-0.5392085344599556,-0.8617422042753982,1.3254727386243341,0.7054412036763827,0.6549107074994499
China,CHN,1972,1,comprehensive,national_security,TWEA,0,0,0,0,0,-8.0,2.7202,0,0.9,1.21,4.884,27,0.068,0.0,0,0,0,-1.0639389767285738,-0.7804614310608747,-0.9667977547650314,-1.95367055708673,-2.6620493916300743,-1.0985955259283136,1.0286138139081902
China,CHN,1973,1,comprehensive,national_security,TWEA,0,0,0,0,0,-8.0,2.752,0,1.8,1.217,5.058,28,0.07,0.0,0,0,0,-1.018403671531933,-0.7159692312002598,-0.955913665520902,-1.809187261733748,-2.580671388971821,-1.0854752588039156,0.9735059866340346
China,CHN,1974,1,comprehensive,national_security,TWEA,0,0,0,0,0,-8.0,2.3295,1,5.0,1.388,5.078,29,0.07,0.0,0,0,0,-1.6233931823992618,-0.4866636316958514,-0.6900309139857462,-1.7925799864058187,-2.499293386313568,-1.0854752588039156,1.1201914814091918
China,CHN,1975,1,comprehensive,national_security,TWEA,0,0,0,0,0,-8.0,2.9432,0,7.33,1.38,5.185,30,0.07,0.0,0,0,0,-0.7446190692175341,-0.31970049205670403,-0.7024698731218938,-1.7037310634013991,-2.4179153836553144,-1.0854752588039156,0.5230724630773839
China,CHN,1976,1,comprehensive,national_security,TWEA,0,0,0,0,0,-7.0,2.634,0,9.22,1.427,5.11,31,0.07,0.0,0,0,0,-1.1873711562238731,-0.18426687234941277,-0.6293909881970262,-1.7660083458811324,-2.3365373809970613,-1.0854752588039156,0.7473207053723891
China,CHN,1977,1,comprehensive,national_security,TWEA,0,0,0,0,0,-7.0,3.7359,0,9.6,1.436,5.224,32,0.069,0.0,0,0,0,0.3904701266748489,-0.15703683240826433,-0.6153971591688602,-1.671346876511937,-2.255159378338808,-1.0920353923661146,-0.240294206696007
China,CHN,1978,1,comprehensive,national_security,TWEA,0,0,0,0,0,-7.0,3.0509,1,11.21,1.508,5.054,33,0.076,0.0,0,0,0,-0.5904004412402292,-0.04166745265760876,-0.5034465269435312,-1.8125087167993337,-2.173781375680555,-1.0461144574307224,0.29723505164832176
China,CHN,1979,1,comprehensive,national_security,TWEA,0,0,0,0,0,-7.0,2.3003,1,17.1,1.623,5.216,34,0.092,0.0,0,0,0,-1.665205475221335,0.3803981664301931,-0.32463648936140876,-1.6779897866431088,-2.0924033730223015,-0.9411523204355401,0.5405864595412505
China,CHN,1980,1,comprehensive,national_security,TWEA,0,0,0,0,0,-7.0,2.4507,1,19.74,1.839,5.274,35,0.098,0.0,0,0,0,-1.4498435286309297,0.5695752860213298,0.011215407314577753,-1.6298286881921147,-2.0110253703640484,-0.9017915190623467,-0.016260585716000548
China,CHN,1981,1,comprehensive,national_security,TWEA,0,0,0,0,0,-7.0,2.3728,1,19.47,2.144,5.285,36,0.098,0.0,0,0,0,-1.561390707084338,0.5502276260631453,0.4854507243802072,-1.6206946867617538,-1.9296473677057953,-0.9017915190623467,-0.7579782497946158
China,CHN,1982,1,comprehensive,national_security,TWEA,0,0,0,0,0,-7.0,2.6886,0,16.75,2.543,5.317,37,0.098,0.0,0,0,0,-1.1091878963579411,0.3553178664843983,1.1058438112955713,-1.5941230462370672,-1.848269365047542,-0.9017915190623467,-1.2265885707513828
China,CHN,1983,1,comprehensive,national_security,TWEA,0,0,0,0,0,-7.0,2.3664,1,12.62,2.471,5.42,38,0.098,0.0,0,0,0,-1.5705550452371209,0.05937032712402109,0.9938931790702423,-1.508595578298233,-1.7668913623892888,-0.9017915190623467,-1.5609639468155303
China,CHN,1984,1,comprehensive,national_security,TWEA,0,0,0,0,0,-7.0,2.3331,1,10.4,2.752,5.526,39,0.098,0.0,0,0,0,-1.6182382421883212,-0.09971043253216218,1.4308116187274282,-1.4205770190602094,-1.6855133597310354,-0.9017915190623467,-2.3153940787921
China,CHN,1985,1,comprehensive,national_security,TWEA,0,0,0,0,0,-7.0,2.4909,0,9.79,2.984,5.687,40,0.098,0.0,0,0,0,-1.3922800296087603,-0.14342181243769012,1.7915414336757103,-1.2868884526703805,-1.6041353570727823,-0.9017915190623467,-2.494327360323339
China,CHN,1986,1,comprehensive,national_security,TWEA,0,10,0,0,10,-7.0,2.5348,1,5.76,2.97,5.643,41,0.102,0.0,1,10,10,-1.3294183975920124,-0.43220355181355447,1.7697732551874523,-1.3234244583918247,-1.522757354414529,-0.8755509848135512,-2.3527691250125025
China,CHN,1987,1,comprehensive,national_security,TWEA,0,18,0,0,18,-7.0,2.6512,1,6.49,2.855,5.53,42,0.104,0.0,1,18,18,-1.1627419974382684,-0.37989321192661124,1.5909632176053294,-1.4172555639946232,-1.4413793517562759,-0.8624307176891535,-1.8498797494892354
China,CHN,1988,1,comprehensive,national_security,TWEA,0,0,0,0,0,-7.0,2.7695,1,6.29,2.899,5.649,43,0.104,0.0,0,0,0,-0.9933449343954162,-0.3942248118956368,1.6593774928541416,-1.3184422757934458,-1.3600013490980225,-0.8624307176891535,-1.6483342267764274
China,CHN,1989,1,comprehensive,national_security,TWEA,0,0,0,0,0,-7.0,2.9343,0,7.06,2.995,5.741,44,0.1,0.0,0,0,0,-0.7573632269612484,-0.3390481520148885,1.8086450024879135,-1.2420488092849726,-1.2786233464397694,-0.8886712519379488,-1.3698012155115813
China,CHN,1990,1,comprehensive,national_security,TWEA,0,0,0,0,0,-7.0,3.0962,0,8.64,3.091,5.764,45,0.093,0.0,0,0,0,-0.5255341102525604,-0.2258285122595868,1.9579125121216856,-1.222950442657854,-1.197245343781516,-0.9345921868733412,-1.0289498100102255
China,CHN,1991,1,comprehensive,national_security,TWEA,0,0,0,0,0,-7.0,3.1085,0,6.08,3.158,5.812,46,0.094,0.0,0,0,0,-0.5079213978651804,-0.4092729918631136,2.0620887948869218,-1.1830929818708242,-1.115867341123263,-0.9280320533111422,-1.0473790232210907
China,CHN,1992,1,comprehensive,national_security,TWEA,0,0,0,0,0,-7.0,3.2316,0,5.34,3.057,5.908,47,0.096,0.0,0,0,0,-0.3316510812077409,-0.46229991174850804,1.9050469357930575,-1.1033780602967649,-1.0344893384650096,-0.9149117861867445,-0.6318108760072613
China,CHN,1993,1,comprehensive,national_security,TWEA,0,0,0,0,0,-7.0,3.5629,0,4.45,2.897,5.937,48,0.101,0.0,0,0,0,0.14274661098242772,-0.5260755316106717,1.6562677530701044,-1.079297511071268,-0.9531113358067564,-0.88211111837575,0.23642660863023784
China,CHN,1994,1,comprehensive,national_security,TWEA,0,0,0,1,1,-7.0,4.3799,0,3.28,2.785,6.165,49,0.102,0.0,1,1,0,1.3126316532986597,-0.609915391429471,1.4821223251640379,-0.8899745723328774,-0.8717333331485031,-0.8755509848135512,1.9454806780709248
China,CHN,1995,1,comprehensive,national_security,TWEA,0,0,0,1,1,-7.0,4.6245,0,3.27,3.039,6.418,50,0.102,0.0,1,1,0,1.6628812020753432,-0.6106319714279222,1.8770592777367257,-0.6798925394345753,-0.7903553304902499,-0.8755509848135512,3.121326588129522
China,CHN,1996,1,comprehensive,national_security,TWEA,0,0,0,1,1,-7.0,4.7431,0,3.0,2.986,6.57,51,0.102,0.0,1,1,0,1.8327078434691069,-0.6299796313861067,1.7946511734597477,-0.5536772469423147,-0.7089773278319966,-0.8755509848135512,3.2890712818907164
China,CHN,1997,1,comprehensive,national_security,TWEA,0,0,0,0,0,-7.0,4.2582,0,2.39,2.844,6.668,52,0.102,0.0,0,0,0,1.138366035612142,-0.6736910112916346,1.5738596487931262,-0.4723015978354626,-0.6275993251737434,-0.8755509848135512,1.791628369006549
China,CHN,1998,1,comprehensive,national_security,TWEA,0,0,0,0,0,-7.0,4.2628,0,1.72,2.661,6.728,53,0.102,0.0,0,0,0,1.1449529036594548,-0.72170187118787,1.289318458553749,-0.4224797718516759,-0.5462213225154902,-0.8755509848135512,1.4762089128628473
China,CHN,1999,1,comprehensive,national_security,TWEA,0,0,0,1,1,-7.0,3.1825,0,1.85,2.386,6.781,54,0.102,0.0,1,1,0,-0.4019587379736242,-0.7123863312080035,0.8617292382486736,-0.3784704922326641,-0.464843319857237,-0.8755509848135512,-0.34637959708140936
China,CHN,2000,1,comprehensive,national_security,TWEA,0,0,0,1,1,-7.0,3.2231,0,2.7,2.175,6.876,55,0.1,0.0,1,1,0,-0.34382246781690573,-0.651477031339645,0.5336516910327789,-0.29958593442500075,-0.38346531719898375,-0.8886712519379488,-0.18348144136555494
China,CHN,2001,1,comprehensive,national_security,TWEA,0,0,0,3,3,-7.0,3.2994,0,2.59,1.948,6.971,56,0.102,0.0,1,3,0,-0.23456637390169366,-0.659359411322609,0.18069622554458947,-0.22070137661733819,-0.3020873145407305,-0.8755509848135512,-0.042385258403716944
China,CHN,2002,1,comprehensive,national_security,TWEA,0,0,0,1,1,-7.0,3.105,0,1.96,1.564,7.059,57,0.102,0.0,1,1,0,-0.5129331452924836,-0.7045039512250395,-0.41637381299049764,-0.14762936517445047,-0.22070931188247725,-0.8755509848135512,0.2135719295146403
China,CHN,2003,1,comprehensive,national_security,TWEA,0,0,0,0,0,-7.0,3.2921,0,2.02,1.336,7.175,58,0.103,0.0,0,0,0,-0.2450194471072118,-0.7002044712343318,-0.7708841483707056,-0.0513071682724625,-0.13933130922422401,-0.8689908512513523,0.18888160781750413
China,CHN,2004,1,comprehensive,national_security,TWEA,0,0,0,0,0,-7.0,3.677,0,4.72,1.312,7.334,59,0.102,0.0,0,0,0,0.30612957711251604,-0.5067278716524872,-0.8082010257791487,0.08072067058457297,-0.05795330656597079,-0.8755509848135512,-0.24741423824367245
China,CHN,2005,1,comprehensive,national_security,TWEA,0,0,0,0,0,-7.0,3.4302,0,5.1,1.411,7.483,60,0.094,0.0,0,0,0,-0.04727021290418642,-0.4794978317113387,-0.6542689064693215,0.20444487177764412,0.023424696092282447,-0.9280320533111422,0.030927430505394055
China,CHN,2006,1,comprehensive,national_security,TWEA,0,0,0,0,0,-7.0,3.4216,0,5.52,1.64,7.664,61,0.094,0.0,0,0,0,-0.05958479229698878,-0.4494014717763851,-0.29820370119709516,0.3547407134954017,0.10480269875053569,-0.9280320533111422,0.01776840559802222
China,CHN,2007,1,comprehensive,national_security,TWEA,0,0,0,0,0,-7.0,3.4345,0,6.33,1.638,7.914,62,0.095,0.0,0,0,0,-0.04111292320778556,-0.3913584919018317,-0.3013134409811321,0.5623316550945143,0.18618070140878892,-0.9214719197489434,0.012387876360530911
China,CHN,2008,1,comprehensive,national_security,TWEA,0,0,0,0,0,-7.0,3.1813,1,9.65,1.711,8.167,63,0.095,0.0,0,0,0,-0.4036770513772715,-0.1534539324160079,-0.1878079388637845,0.7724136879928164,0.2675587040670422,-0.9214719197489434,0.0758137549857754
China,CHN,2009,1,comprehensive,national_security,TWEA,0,0,0,1,1,-7.0,3.191,0,3.92,1.291,8.268,64,0.094,0.0,1,1,0,-0.38978735136445936,-0.5640542715285893,-0.8408532935115364,0.8562804283988587,0.3489367067252954,-0.9280320533111422,0.3277539781639441
China,CHN,2010,1,comprehensive,national_security,TWEA,0,0,0,0,0,-7.0,2.9671,0,6.29,1.304,8.44,65,0.094,0.0,0,0,0,-0.7103959939282345,-0.3942248118956368,-0.8206399849152963,0.9991029962190471,0.43031470938354865,-0.9280320533111422,0.5829793577411533
China,CHN,2011,1,comprehensive,national_security,TWEA,0,0,0,1,1,-7.0,3.2305,0,7.69,1.474,8.649,66,0.094,0.0,1,1,0,-0.33322620182775003,-0.2939036121124581,-0.5563121032721589,1.172649023395905,0.5116927120418019,-0.9280320533111422,0.18537776920418852
China,CHN,2012,1,comprehensive,national_security,TWEA,0,0,0,0,0,-7.0,2.9745,0,4.09,1.356,8.765,67,0.094,0.0,0,0,0,-0.6997997279390787,-0.5518724115549176,-0.7397867505303365,1.2689712202978944,0.5930707147000551,-0.9280320533111422,0.5177025667540646
China,CHN,2013,1,comprehensive,national_security,TWEA,0,0,0,1,1,-7.0,3.2788,0,2.98,1.309,8.874,68,0.086,0.0,1,1,0,-0.26406408733096454,-0.6314127913830092,-0.8128656354552042,1.3594808708351076,0.6744487173583084,-0.9805131218087335,0.214648622149183
China,CHN,2014,1,comprehensive,national_security,TWEA,0,0,0,1,1,-7.0,3.0895,0,2.31,1.3,8.959,69,0.084,0.0,1,1,0,-0.5351280267562551,-0.6794236512792448,-0.8268594644833701,1.4300617909788051,0.7558267200165616,-0.9936333889331311,0.4424756736337197
China,CHN,2015,1,comprehensive,national_security,TWEA,0,0,0,0,0,-7.0,3.2617,0,1.17,1.22,9.009,70,0.082,0.0,0,0,0,-0.2885500533329324,-0.7611137711026903,-0.9512490558448468,1.4715799792986282,0.8372047226748148,-1.006753656057529,0.2744829657969321
China,CHN,2016,1,comprehensive,national_security,TWEA,0,0,0,0,0,-7.0,2.6888,0,1.05,1.276,9.019,71,0.08,0.0,0,0,0,-1.1089015107906666,-0.7697127310841055,-0.8641763418918131,1.4798836169625924,0.9185827253330681,-1.0198739231819267,0.9582864511133832
China,CHN,2017,1,comprehensive,national_security,TWEA,0,0,0,0,0,-7.0,2.9093,0,1.31,1.339,9.103,72,0.078,0.0,0,0,0,-0.7931614228705577,-0.7510816511243724,-0.7662195386946504,1.549634173339894,0.9999607279913213,-1.0329941903063244,0.6077357795422713
China,CHN,2018,1,comprehensive,national_security,TWEA,0,0,0,0,0,-7.0,2.8607,0,1.43,1.573,9.219,73,0.076,0.0,0,0,0,-0.8627531157182551,-0.7424826911429572,-0.40237998396233166,1.645956370241882,1.0813387306495745,-1.0461144574307224,0.34715458486616313
China,CHN,2019,1,comprehensive,national_security,TWEA,0,0,0,0,0,-7.0,3.2205,0,1.27,1.742,9.244,74,0.075,0.0,0,0,0,-0.34754548019147413,-0.7539479711181776,-0.1396069722112125,1.6667154644017936,1.1627167333078277,-1.0526745909929212,0.04851977219522363
China,CHN,2020,1,comprehensive,national_security,TWEA,4,0,0,0,4,-7.0,3.0165,1,0.86,1.616,9.271,75,0.075,0.0,1,4,4,-0.6396587588114386,-0.7833277510546799,-0.3355205786055378,1.6891352860944986,1.244094735966081,-1.0526745909929212,0.21461867686651404
China,CHN,2021,1,comprehensive,national_security,TWEA,3,0,0,0,3,-7.0,3.1201,0,1.71,1.485,9.464,76,0.077,0.0,1,3,3,-0.49131103496326084,-0.7224184511863214,-0.5392085344599556,1.8493954930090133,1.3254727386243341,-1.0395543238685234,0.26491910312654393
Cote d'Ivoire,CIV,2006,1,targeted,human_rights,IEEPA,4,0,0,0,4,0.0,3.0525,0,5.6,1.64,7.115,61,0.434,0.31,1,4,4,-0.588109356702033,-0.44366883178877486,-0.29820370119709516,-0.1011289942562492,0.10480269875053569,1.302413357836482,0.1753763868771889
Cote d'Ivoire,CIV,2007,1,targeted,human_rights,IEEPA,0,5,0,0,5,0.0,2.7609,0,4.98,1.638,7.221,62,0.435,0.31,1,5,5,-1.0056595137882185,-0.48809679169275394,-0.3013134409811321,-0.013110435018225558,0.18618070140878892,1.3089734913986808,0.3030187285549404
Cote d'Ivoire,CIV,2008,1,targeted,human_rights,IEEPA,0,3,0,0,3,0.0,2.573,0,5.56,1.711,7.368,63,0.436,0.31,1,3,3,-1.274718754242588,-0.44653515178258,-0.1878079388637845,0.10895303864205287,0.2675587040670422,1.3155336249608798,0.2394023018653115
Cote d'Ivoire,CIV,2009,1,targeted,human_rights,IEEPA,0,71,0,0,71,0.0,2.6943,0,3.87,1.291,7.34,64,0.435,0.31,1,50,71,-1.1010259076906184,-0.5676371715208457,-0.8408532935115364,0.08570285318295186,0.3489367067252954,1.3089734913986808,0.9258012607231852
Cote d'Ivoire,CIV,2010,1,targeted,human_rights,IEEPA,0,64,0,0,64,0.0,2.4955,0,4.33,1.304,7.348,65,0.446,0.348,1,50,64,-1.3856931615614474,-0.5346744915920869,-0.8206399849152963,0.09234576331412347,0.43031470938354865,1.3811349605828687,1.1371552152010154
Cote d'Ivoire,CIV,2011,1,targeted,human_rights,IEEPA,0,34,0,0,34,4.0,2.2942,1,5.53,1.474,7.376,66,0.427,0.367,1,34,34,-1.6739402350232064,-0.4486848917779338,-0.5563121032721589,0.11559594877322447,0.5116927120418019,1.2564924229010896,0.9312332128976519
Cote d'Ivoire,CIV,2012,1,targeted,human_rights,IEEPA,0,67,0,0,67,4.0,2.4897,0,5.37,1.356,7.344,67,0.461,0.441,1,50,67,-1.3939983430124068,-0.4601501717531542,-0.7397867505303365,0.08902430824853803,0.5930707147000551,1.4795369640158522,1.0312615044218219
Cote d'Ivoire,CIV,2013,1,targeted,human_rights,IEEPA,0,697,0,0,697,4.0,2.7741,0,4.16,1.309,7.488,68,0.465,0.45,1,50,697,-0.9867580663481033,-0.5468563515657586,-0.8128656354552042,0.20859669060962702,0.6744487173583084,1.505777498264648,0.8021017226425995
Cote d'Ivoire,CIV,2014,1,targeted,human_rights,IEEPA,0,52,0,0,52,4.0,2.7448,0,3.42,1.3,7.597,69,0.463,0.446,1,50,52,-1.0287135519538135,-0.5998832714511532,-0.8268594644833701,0.2991063411468401,0.7558267200165616,1.4926572311402502,0.8506015366753158
Cote d'Ivoire,CIV,2015,1,targeted,human_rights,IEEPA,0,49,0,0,49,4.0,2.5457,0,3.07,1.22,7.504,70,0.473,0.46,1,49,49,-1.3138103841755537,-0.6249635713969478,-0.9512490558448468,0.2218825108719695,0.8372047226748148,1.5582585667622386,1.249760887506151
Cote d'Ivoire,CIV,2016,1,targeted,human_rights,IEEPA,0,12,0,0,12,4.0,2.6006,0,3.23,1.276,7.53,71,0.529,0.573,1,12,12,-1.2351975459587103,-0.6134982914217273,-0.8641763418918131,0.2434719687982778,0.9185827253330681,1.9256260462453771,1.0674284967803431
Cuba,CUB,1970,1,comprehensive,democracy,TWEA,0,0,0,0,0,-7.0,1.9504,0,0.87,1.34,6.469,25,0.069,0.0,0,0,0,-2.1662370251680296,-0.7826111710562287,-0.7646646688026318,-0.6375439873483562,-2.824805396946581,-1.0920353923661146,1.6564449173981097
Cuba,CUB,1971,1,comprehensive,democracy,TWEA,0,0,0,0,0,-7.0,4.2251,0,0.72,1.274,6.647,26,0.069,0.0,0,0,0,1.090969224228216,-0.7933598710329977,-0.8672860816758501,-0.489739236929788,-2.7434273942883274,-1.0920353923661146,-0.9461824237098314
Cuba,CUB,1972,1,comprehensive,democracy,TWEA,0,0,0,0,0,-7.0,3.7621,0,0.64,1.21,6.793,27,0.069,0.0,0,0,0,0.4279866359878055,-0.7990925110206079,-0.9667977547650314,-0.3685061270359063,-2.6620493916300743,-1.0920353923661146,-0.41377651874244914
Cuba,CUB,1973,1,comprehensive,democracy,TWEA,0,0,0,0,0,-7.0,4.0209,0,0.59,1.217,6.984,28,0.069,0.0,0,0,0,0.7985695600409765,-0.8026754110128643,-0.955913665520902,-0.2099066476541844,-2.580671388971821,-1.0920353923661146,-0.7633635553121838
Cuba,CUB,1974,1,comprehensive,democracy,TWEA,0,0,0,0,0,-7.0,4.3195,0,0.67,1.388,7.104,29,0.069,0.0,0,0,0,1.2261432119817675,-0.7969427710252541,-0.6900309139857462,-0.11026299568661026,-2.499293386313568,-1.0920353923661146,-0.8460767212411976
Cuba,CUB,1975,1,comprehensive,democracy,TWEA,0,0,0,0,0,-7.0,4.1812,0,0.79,1.38,7.226,30,0.069,0.0,0,0,0,1.0281075922114677,-0.7883438110438388,-0.7024698731218938,-0.008958616186243395,-2.4179153836553144,-1.0920353923661146,-0.7222146098564455
Cuba,CUB,1976,1,comprehensive,democracy,TWEA,0,0,0,0,0,-7.0,4.1461,0,0.85,1.427,7.273,31,0.069,0.0,0,0,0,0.9778469251547974,-0.7840443310531312,-0.6293909881970262,0.030068480834389538,-2.3365373809970613,-1.0920353923661146,-0.6154480425286015
Cuba,CUB,1977,1,comprehensive,democracy,TWEA,0,0,0,0,0,-7.0,4.3096,0,0.79,1.436,7.295,32,0.069,0.0,0,0,0,1.211967126401681,-0.7883438110438388,-0.6153971591688602,0.04833648369511165,-2.255159378338808,-1.0920353923661146,-0.7458411265936413
Cuba,CUB,1978,1,comprehensive,democracy,TWEA,0,0,0,0,0,-7.0,3.9243,0,0.44,1.508,7.516,33,0.069,0.0,0,0,0,0.6602453310474049,-0.8134241109896335,-0.5034465269435312,0.23184687606872728,-2.173781375680555,-1.0920353923661146,-0.332398218846498
Cuba,CUB,1979,1,comprehensive,democracy,TWEA,0,0,0,0,0,-7.0,3.6409,0,0.84,1.623,7.604,34,0.069,0.0,0,0,0,0.25443698221947286,-0.7847609110515824,-0.32463648936140876,0.304918887511615,-2.0924033730223015,-1.0920353923661146,-0.08259952867144085
Cuba,CUB,1980,1,comprehensive,democracy,TWEA,0,0,0,0,0,-7.0,3.4851,0,0.82,1.839,7.616,35,0.071,0.0,0,0,0,0.03134262531265699,-0.7861940710484849,0.011215407314577753,0.31488325270837203,-2.0110253703640484,-1.0789151252417168,0.00035152030918964304
Cuba,CUB,1981,1,comprehensive,democracy,TWEA,0,0,0,0,0,-7.0,3.7237,0,0.76,2.144,7.624,36,0.071,0.0,0,0,0,0.37300060707110594,-0.7904935510391926,0.4854507243802072,0.32152616283954366,-1.9296473677057953,-1.0789151252417168,0.1810734148969254
Cuba,CUB,1982,1,comprehensive,democracy,TWEA,0,0,0,0,0,-7.0,4.0331,0,0.6,2.543,7.656,37,0.071,0.0,0,0,0,0.8160390796447194,-0.8019588310144131,1.1058438112955713,0.3480978033642301,-1.848269365047542,-1.0789151252417168,0.9024117660004468
Cuba,CUB,1983,1,comprehensive,democracy,TWEA,0,0,0,0,0,-7.0,3.7955,0,0.53,2.471,7.706,38,0.071,0.0,0,0,0,0.4758130257226427,-0.806974891003572,0.9938931790702423,0.3896159916840532,-1.7668913623892888,-1.0789151252417168,0.4729073207785084
Cuba,CUB,1984,1,comprehensive,democracy,TWEA,0,0,0,0,0,-7.0,3.8182,0,0.53,2.752,7.778,39,0.071,0.0,0,0,0,0.5083177876082956,-0.806974891003572,1.4308116187274282,0.44940218286459693,-1.6855133597310354,-1.0789151252417168,0.7273069965157705
Cuba,CUB,1985,1,comprehensive,democracy,TWEA,0,0,0,0,0,-7.0,4.1347,0,0.6,2.984,7.722,40,0.071,0.0,0,0,0,0.9615229478201522,-0.8019588310144131,1.7915414336757103,0.4029018119463964,-1.6041353570727823,-1.0789151252417168,1.7226082004498107
Cuba,CUB,1986,1,comprehensive,democracy,TWEA,0,0,0,0,0,-7.0,4.2335,0,0.29,2.97,7.768,41,0.071,0.0,0,0,0,1.102997418053744,-0.8241728109664027,1.7697732551874523,0.44109854520063263,-1.522757354414529,-1.0789151252417168,1.9520553310123299
Cuba,CUB,1987,1,comprehensive,democracy,TWEA,0,0,0,0,0,-7.0,4.1662,0,0.4,2.855,7.8,42,0.071,0.0,0,0,0,1.0066286746658826,-0.8162904309834386,1.5909632176053294,0.46767018572531904,-1.4413793517562759,-1.0789151252417168,1.601509195180221
Cuba,CUB,1988,1,comprehensive,democracy,TWEA,0,0,0,0,0,-7.0,4.3227,0,1.54,2.899,7.876,43,0.071,0.0,0,0,0,1.23072538105816,-0.734600311159993,1.6593774928541416,0.5307778319714497,-1.3600013490980225,-1.0789151252417168,2.0422379972122475
Cuba,CUB,1989,1,comprehensive,democracy,TWEA,0,0,0,0,0,-7.0,4.2907,0,1.66,2.995,7.85,44,0.071,0.0,0,0,0,1.1849036902942438,-0.7260013511785778,1.8086450024879135,0.5091883740451414,-1.2786233464397694,-1.0789151252417168,2.1430701378801706
Cuba,CUB,1990,1,comprehensive,democracy,TWEA,0,0,0,0,0,-7.0,4.1929,0,0.89,3.091,7.899,45,0.071,0.0,0,0,0,1.0448611478970249,-0.7811780110593259,1.9579125121216856,0.5498761985985678,-1.197245343781516,-1.0789151252417168,2.045746714897412
Cuba,CUB,1991,1,comprehensive,democracy,TWEA,0,0,0,0,0,-7.0,4.4829,0,0.97,3.158,7.727,46,0.071,0.0,0,0,0,1.460120220445014,-0.7754453710717157,2.0620887948869218,0.4070536307783786,-1.115867341123263,-1.0789151252417168,3.010897545767486
Cuba,CUB,1992,1,comprehensive,democracy,TWEA,0,0,0,0,0,-7.0,4.7016,0,0.98,3.057,7.624,47,0.071,0.0,0,0,0,1.773282838259653,-0.7747287910732645,1.9050469357930575,0.32152616283954366,-1.0344893384650096,-1.0789151252417168,3.378187037320968
Cuba,CUB,1993,1,comprehensive,democracy,TWEA,0,0,0,0,0,-7.0,4.5174,0,0.73,2.897,7.632,48,0.103,0.246,0,0,0,1.5095217307998618,-0.7926432910345464,1.6562677530701044,0.32816907297071524,-0.9531113358067564,-0.8689908512513523,2.500172165282382
Cuba,CUB,1994,1,comprehensive,democracy,TWEA,0,0,0,0,0,-7.0,4.667,0,0.75,2.785,7.868,49,0.108,0.288,0,0,0,1.7237381351211687,-0.7912101310376439,1.4821223251640379,0.5241349218402781,-0.8717333331485031,-0.8361901834403579,2.554790772799709
Cuba,CUB,1995,1,comprehensive,democracy,TWEA,0,0,0,0,0,-7.0,4.6323,0,1.1,3.039,7.932,50,0.108,0.288,0,0,0,1.6740502391990473,-0.7661298310918493,1.8770592777367257,0.577278202889651,-0.7903553304902499,-0.8361901834403579,3.1422915328859564
Cuba,CUB,1996,1,comprehensive,democracy,TWEA,0,0,0,3,3,-7.0,4.9972,0,1.43,2.986,7.733,51,0.108,0.288,1,3,0,2.196560706691328,-0.7424826911429572,1.7946511734597477,0.41203581337675677,-0.7089773278319966,-0.8361901834403579,3.942060249839164
Cuba,CUB,1997,1,comprehensive,democracy,TWEA,0,0,0,0,0,-7.0,5.0221,0,1.13,2.844,7.743,52,0.108,0.288,0,0,0,2.232215709817,-0.7639800910964953,1.5738596487931262,0.4203394510407218,-0.6275993251737434,-0.8361901834403579,3.5131942330830825
Cuba,CUB,1998,1,comprehensive,democracy,TWEA,0,0,0,0,0,-7.0,4.974,0,0.57,2.661,7.755,53,0.113,0.32,0,0,0,2.1633399808874887,-0.8041085710097668,1.289318458553749,0.4303038162374789,-0.5462213225154902,-0.8033895156293632,2.7892341694855536
Cuba,CUB,1999,1,comprehensive,democracy,TWEA,0,0,0,0,0,-7.0,4.324,0,0.79,2.386,7.848,54,0.113,0.321,0,0,0,1.2325868872454435,-0.7883438110438388,0.8617292382486736,0.5075276465123487,-0.464843319857237,-0.8033895156293632,1.0621561594213198
Cuba,CUB,2000,1,comprehensive,democracy,TWEA,0,0,0,0,0,-7.0,3.9578,0,1.91,2.175,7.92,55,0.113,0.321,0,0,0,0.7082149135658796,-0.7080868512172959,0.5336516910327789,0.5673138376928932,-0.38346531719898375,-0.8033895156293632,0.377940086239065
Cuba,CUB,2001,1,comprehensive,democracy,TWEA,0,0,0,0,0,-7.0,3.657,0,1.18,1.948,7.953,56,0.113,0.321,0,0,0,0.27749102038506845,-0.760397191104239,0.18069622554458947,0.5947158419839764,-0.3020873145407305,-0.8033895156293632,0.050141580006098606
Cuba,CUB,2002,1,comprehensive,democracy,TWEA,0,396,0,0,396,-7.0,3.6711,0,1.37,1.564,8.008,57,0.113,0.321,1,50,396,0.297681202877919,-0.7467821711336649,-0.41637381299049764,0.6403858491357802,-0.22070931188247725,-0.8033895156293632,-0.12394665749787703
Cuba,CUB,2003,1,comprehensive,democracy,TWEA,0,1376,45,0,1421,-7.0,3.5764,0,1.92,1.336,8.072,58,0.114,0.323,2,70,1421,0.16207763677345488,-0.7073702712188445,-0.7708841483707056,0.693529130185153,-0.13933130922422401,-0.7968293820671644,-0.12494308099404132
Cuba,CUB,2004,1,comprehensive,democracy,TWEA,0,0,20,0,20,-7.0,4.0927,0,2.71,1.312,8.131,59,0.114,0.323,1,20,20,0.9013819786925127,-0.6507604513411938,-0.8082010257791487,0.7425205924025445,-0.05795330656597079,-0.7968293820671644,-0.7284978397981274
Cuba,CUB,2005,1,comprehensive,democracy,TWEA,0,0,15,0,15,-7.0,3.8406,0,2.64,1.411,8.239,60,0.113,0.323,1,15,15,0.5403929711430365,-0.6557765113303526,-0.6542689064693215,0.8321998791733616,0.023424696092282447,-0.8033895156293632,-0.3535623182934621
Cuba,CUB,2006,1,comprehensive,democracy,TWEA,0,0,26,0,26,-7.0,4.0171,0,3.75,1.64,8.373,61,0.113,0.323,1,20,26,0.7931282342627615,-0.5762361315022609,-0.29820370119709516,0.9434686238704848,0.10480269875053569,-0.8033895156293632,-0.2365137749810722
Cuba,CUB,2007,1,comprehensive,democracy,TWEA,0,0,20,0,20,-7.0,3.7263,0,6.72,1.638,8.478,62,0.113,0.323,1,20,20,0.37672361944567434,-0.3634118719622319,-0.3013134409811321,1.0306568193421124,0.18618070140878892,-0.8033895156293632,-0.11351189007404267
Cuba,CUB,2008,1,comprehensive,democracy,TWEA,0,0,25,0,25,-7.0,3.8657,0,3.19,1.711,8.514,63,0.105,0.256,1,20,25,0.5763343598359834,-0.6163646114155324,-0.1878079388637845,1.0605499149323843,0.2675587040670422,-0.8558705841269545,-0.10824016821717473
Cuba,CUB,2009,1,comprehensive,democracy,TWEA,0,0,11,0,11,-7.0,3.7986,0,1.76,1.291,8.535,64,0.167,0.252,1,11,11,0.4802520020153969,-0.718835551194065,-0.8408532935115364,1.0779875540267105,0.3489367067252954,-0.4491423032706229,-0.4038214776101555
Cuba,CUB,2010,1,comprehensive,democracy,TWEA,0,0,17,0,17,-7.0,3.8405,0,2.69,1.304,8.57,65,0.167,0.252,1,17,17,0.5402497783593996,-0.6521936113380963,-0.8206399849152963,1.1070502858505864,0.43031470938354865,-0.4491423032706229,-0.44335056996334987
Cuba,CUB,2011,1,comprehensive,democracy,TWEA,0,0,11,0,11,-7.0,3.7561,0,2.93,1.474,8.717,66,0.167,0.252,1,11,11,0.41939506896957096,-0.6349956913752657,-0.5563121032721589,1.2291137595108648,0.5116927120418019,-0.4491423032706229,-0.23331455292043415
Cuba,CUB,2012,1,comprehensive,democracy,TWEA,0,0,10,0,10,-7.0,4.1371,0,2.19,1.356,8.775,67,0.167,0.252,1,10,10,0.9649595746274467,-0.6880226112606601,-0.7397867505303365,1.2772748579618587,0.5930707147000551,-0.4491423032706229,-0.7138643081067746
Cuba,CUB,2013,1,comprehensive,democracy,TWEA,0,0,11,0,11,-7.0,4.0257,0,1.71,1.309,8.829,68,0.168,0.265,1,11,11,0.8054428136555631,-0.7224184511863214,-0.8128656354552042,1.3221145013472673,0.6744487173583084,-0.442582169708424,-0.654716784544957
Cuba,CUB,2014,1,comprehensive,democracy,TWEA,0,0,10,0,10,-7.0,4.1029,0,1.67,1.3,8.874,69,0.168,0.267,1,10,10,0.9159876426235112,-0.7252847711801265,-0.8268594644833701,1.3594808708351076,0.7558267200165616,-0.442582169708424,-0.757393051653061
Cuba,CUB,2015,1,comprehensive,democracy,TWEA,0,0,10,0,10,-7.0,4.1238,0,0.69,1.22,8.953,70,0.168,0.267,1,10,10,0.945914934403694,-0.7955096110283516,-0.9512490558448468,1.4250796083804262,0.8372047226748148,-0.442582169708424,-0.8998006882610541
Cuba,CUB,2016,1,comprehensive,democracy,TWEA,0,0,10,0,10,-7.0,4.1558,0,0.47,1.276,9.001,71,0.169,0.267,1,10,10,0.9917366251676102,-0.8112743709942796,-0.8641763418918131,1.4649370691674557,0.9185827253330681,-0.4360220361462251,-0.8570353288574777
Cuba,CUB,2017,1,comprehensive,democracy,TWEA,0,0,8,0,8,-7.0,4.2054,0,0.66,1.339,9.061,72,0.168,0.268,1,8,8,1.0627602458516798,-0.7976593510237053,-0.7662195386946504,1.5147588951512432,0.9999607279913213,-0.442582169708424,-0.8143076653194874
Cuba,CUB,2018,1,comprehensive,democracy,TWEA,0,0,2,0,2,-5.0,4.32,0,1.1,1.573,9.095,73,0.177,0.296,1,2,2,1.2268591758999545,-0.7661298310918493,-0.40237998396233166,1.542991263208723,1.0813387306495745,-0.38354096764863405,-0.49366357552266316
Cuba,CUB,2019,1,comprehensive,democracy,TWEA,0,0,14,0,14,-5.0,4.3896,0,0.92,1.742,9.13,74,0.181,0.301,1,14,14,1.3265213533114713,-0.7790282710639722,-0.1396069722112125,1.5720539950325991,1.1627167333078277,-0.35730043339983847,-0.18519162970933456
Cuba,CUB,2020,1,comprehensive,democracy,TWEA,0,0,5,0,5,-5.0,4.1423,0,0.57,1.616,9.17,75,0.178,0.301,1,5,5,0.9724055993765823,-0.8041085710097668,-0.3355205786055378,1.6052685456884563,1.244094735966081,-0.3769808340864352,-0.3262620893420957
DRC,COD,2006,1,targeted,human_rights,IEEPA,4,0,0,0,4,5.0,3.1244,1,24.03,1.64,5.543,61,0.251,0.116,1,4,4,-0.48515374526685934,0.8769881053569276,-0.29820370119709516,-1.4064608350314693,0.10480269875053569,0.10190891595408423,0.14467464248821013
DRC,COD,2007,1,targeted,human_rights,IEEPA,0,11,0,0,11,5.0,3.8112,1,25.76,1.638,5.684,62,0.355,0.265,1,11,11,0.4982942927536888,1.0009564450889985,-0.3013134409811321,-1.2893795439695699,0.18618070140878892,0.7841628064227691,-0.1501427679708736
DRC,COD,2008,1,targeted,human_rights,IEEPA,0,0,0,0,0,5.0,2.9517,1,28.46,1.711,5.866,63,0.357,0.265,0,0,0,-0.7324476826083686,1.194433044670843,-0.1878079388637845,-1.1382533384854163,0.2675587040670422,0.797283073547167,0.13755948959623313
DRC,COD,2009,1,targeted,human_rights,IEEPA,0,255,0,0,255,5.0,3.0972,0,28.26,1.291,5.635,64,0.36,0.265,1,50,255,-0.5241021824161881,1.1801014447018174,-0.8408532935115364,-1.3300673685229962,0.3489367067252954,0.8169634742337637,0.4406930462212358
DRC,COD,2010,1,targeted,human_rights,IEEPA,0,55,0,0,55,5.0,2.7903,0,25.96,1.304,5.865,65,0.352,0.243,1,50,55,-0.9635608353988708,1.015288045058024,-0.8206399849152963,-1.1390837022518123,0.43031470938354865,0.7644824057361724,0.7907365494266997
DRC,COD,2011,1,targeted,human_rights,IEEPA,0,1211,0,0,1211,5.0,2.6757,1,28.88,1.474,5.92,66,0.347,0.236,1,50,1211,-1.127659765447145,1.2245294046057964,-0.5563121032721589,-1.0934136951000077,0.5116927120418019,0.731681737925178,0.6273307758912905
DRC,COD,2012,1,targeted,human_rights,IEEPA,0,9,0,0,9,5.0,3.1211,1,27.12,1.356,6.016,67,0.321,0.172,1,9,9,-0.489879107126888,1.098411324878372,-0.7397867505303365,-1.0136987735259484,0.5930707147000551,0.5611182653080069,0.3624060728141031
DRC,COD,2013,1,targeted,human_rights,IEEPA,0,0,0,0,0,5.0,2.9732,1,25.75,1.309,6.132,68,0.319,0.157,0,0,0,-0.701661234126363,1.000239865090547,-0.8128656354552042,-0.9173765766239605,0.6744487173583084,0.5479979981836091,0.5703563049524089
DRC,COD,2014,1,targeted,human_rights,IEEPA,3,2,0,0,5,5.0,3.1629,1,24.56,1.3,6.193,69,0.318,0.158,2,5,5,-0.4300245235665229,0.9149668452748451,-0.8268594644833701,-0.8667243868737771,0.7558267200165616,0.5414378646214102,0.3555698472709315
DRC,COD,2015,1,targeted,human_rights,IEEPA,0,0,0,0,0,5.0,3.1462,0,20.11,1.22,6.206,70,0.316,0.152,0,0,0,-0.45393771843394176,0.5960887459640271,-0.9512490558448468,-0.8559296579106226,0.8372047226748148,0.5283175974970125,0.431807826072651
DRC,COD,2016,1,targeted,human_rights,IEEPA,0,1248,0,0,1248,-3.0,3.2316,1,20.57,1.276,6.131,71,0.305,0.152,1,50,1248,-0.3316510812077409,0.6290514258927858,-0.8641763418918131,-0.9182069403903564,0.9185827253330681,0.4561561283128245,0.28660501814257017
DRC,COD,2017,1,targeted,human_rights,IEEPA,0,0,0,0,0,-3.0,2.87,1,24.77,1.339,6.066,72,0.304,0.15,0,0,0,-0.8494361868399919,0.9300150252423219,-0.7662195386946504,-0.972180585206126,0.9999607279913213,0.4495959947506256,0.6508546032310815
DRC,COD,2018,1,targeted,human_rights,IEEPA,0,4,0,0,4,-3.0,3.0538,1,18.42,1.573,6.25,73,0.306,0.153,1,4,4,-0.5862478505147495,0.47498672622576155,-0.40237998396233166,-0.819393652189179,1.0813387306495745,0.4627162618750234,0.2358944006880763
DRC,COD,2019,1,targeted,human_rights,IEEPA,0,1,0,0,1,-3.0,2.9377,1,12.75,1.742,6.223,74,0.344,0.196,1,1,1,-0.7524946723175822,0.06868586710388774,-0.1396069722112125,-0.8418134738818833,1.1627167333078277,0.7120013372385813,0.10505350280732614
DRC,COD,2020,1,targeted,human_rights,IEEPA,0,1,0,0,1,-3.0,3.1006,1,15.93,1.616,6.187,75,0.347,0.199,1,1,1,-0.5192336277725219,0.2965583066113936,-0.3355205786055378,-0.8717065694721552,1.244094735966081,0.731681737925178,0.174213567221689
DRC,COD,2021,1,targeted,human_rights,IEEPA,0,0,0,0,0,-3.0,2.6653,1,38.83,1.485,6.39,76,0.342,0.199,0,0,0,-1.142551814945418,1.9375265030648166,-0.5392085344599556,-0.7031427248936762,1.3254727386243341,0.6988810701141839,0.6160736896812813
Eritrea,ERI,2010,1,targeted,national_security,IEEPA,0,0,0,0,0,-7.0,2.9885,0,2.52,1.304,6.291,65,0.068,0.0,0,0,0,-0.6797527382298651,-0.664375471311768,-0.8206399849152963,-0.7853487377669243,0.43031470938354865,-1.0985955259283136,0.5578322768470879
Eritrea,ERI,2011,1,targeted,national_security,IEEPA,0,0,0,0,0,-7.0,3.0356,0,26.96,1.474,6.535,66,0.068,0.0,0,0,0,-0.6123089371367264,1.0869460449031516,-0.5563121032721589,-0.5827399787661905,0.5116927120418019,-1.0985955259283136,0.3406348726708724
Ethiopia,ETH,2021,1,targeted,human_rights,IEEPA,0,0,0,0,0,1.0,3.0671,1,5.87,1.485,6.795,76,0.29,0.297,0,0,0,-0.5672032102909967,-0.42432117183059037,-0.5392085344599556,-0.3668453995031136,1.3254727386243341,0.357754124879841,0.3058408117619904
Haiti,HTI,1991,1,comprehensive,democracy,IEEPA,4,0,0,0,4,-7.0,3.1667,0,0.75,3.158,6.208,46,0.327,0.264,1,4,4,-0.4245831977883078,-0.7912101310376439,2.0620887948869218,-0.8542689303778298,-1.115867341123263,0.6004790666812003,-0.8755282546565272
Haiti,HTI,1992,1,comprehensive,democracy,IEEPA,0,0,0,0,0,-7.0,3.3825,0,1.17,3.057,5.757,47,0.18,0.0,0,0,0,-0.11557317069914921,-0.7611137711026903,1.9050469357930575,-1.2287629890226295,-1.0344893384650096,-0.36386056696203734,-0.22017231470030219
Haiti,HTI,1993,1,comprehensive,democracy,IEEPA,0,0,0,0,0,-7.0,3.2931,0,1.25,2.897,5.553,48,0.207,0.0,0,0,0,-0.24358751927083958,-0.7553811311150801,1.6562677530701044,-1.398157197367505,-0.9531113358067564,-0.18673696078266722,-0.40344615321863425
Haiti,HTI,1994,1,comprehensive,democracy,IEEPA,0,0,0,1,1,6.0,3.1712,0,1.19,2.785,5.677,49,0.232,0.0,1,1,0,-0.4181395225246325,-0.7596806111057878,1.4821223251640379,-1.2951920903343455,-0.8717333331485031,-0.022733621727694706,-0.6197339213671889
Iran,IRN,1979,1,comprehensive,terrorism,IEEPA,4,0,0,0,4,-6.0,1.985,1,36.96,1.623,7.763,34,0.159,0.189,1,4,4,-2.1166923220295453,1.803526043354428,-0.32463648936140876,0.43694672636865045,-2.0924033730223015,-0.5016233717682141,0.6871555644819201
Iran,IRN,1980,1,comprehensive,terrorism,IEEPA,0,0,0,0,0,-6.0,2.6421,1,34.49,1.839,7.77,35,0.167,0.312,0,0,0,-1.1757725407492565,1.626530783736963,0.011215407314577753,0.44275927273342536,-2.0110253703640484,-0.4491423032706229,-0.01318676795379888
Iran,IRN,1981,1,comprehensive,terrorism,IEEPA,0,0,0,0,0,-6.0,2.6837,1,27.27,2.144,7.78,36,0.121,0.289,0,0,0,-1.1162043427561659,1.109160024855141,0.4854507243802072,0.4510629103973904,-1.9296473677057953,-0.7509084471317722,-0.5418622067473138
Iran,IRN,1982,1,comprehensive,terrorism,IEEPA,0,0,0,0,0,-6.0,3.0529,1,20.0,2.543,7.953,37,0.106,0.218,0,0,0,-0.5875365855674841,0.5882063659810631,1.1058438112955713,0.5947158419839764,-1.848269365047542,-0.8493104505647556,-0.6497236970595331
Iran,IRN,1983,1,comprehensive,terrorism,IEEPA,0,0,0,0,0,-6.0,3.0099,1,16.24,2.471,8.131,38,0.104,0.218,0,0,0,-0.6491094825314965,0.3187722865633831,0.9938931790702423,0.7425205924025445,-1.7668913623892888,-0.8624307176891535,-0.645145487157869
Iran,IRN,1984,1,comprehensive,terrorism,IEEPA,0,0,0,0,0,-6.0,2.9744,1,15.17,2.752,8.13,39,0.108,0.227,0,0,0,-0.6999429207227157,0.24209822672909662,1.4308116187274282,0.7416902286361485,-1.6855133597310354,-0.8361901834403579,-1.0014864634160727
Iran,IRN,1985,1,comprehensive,terrorism,IEEPA,0,0,0,0,0,-6.0,3.0851,1,13.36,2.984,8.198,40,0.109,0.24,0,0,0,-0.5414285092362936,0.11239724700941556,1.7915414336757103,0.7981549647511068,-1.6041353570727823,-0.8296300498781589,-0.969991607670092
Iran,IRN,1986,1,comprehensive,terrorism,IEEPA,0,0,0,0,0,-6.0,3.1897,1,5.62,2.97,8.31,41,0.109,0.251,0,0,0,-0.39164885755174295,-0.4422356717918723,1.7697732551874523,0.8911557065875094,-1.522757354414529,-0.8296300498781589,-0.6931296735197949
Iran,IRN,1987,1,comprehensive,terrorism,IEEPA,3,0,0,0,3,-6.0,3.4664,1,12.16,2.855,7.829,42,0.171,0.251,1,3,3,0.004565574772493629,0.026407647195262444,1.5909632176053294,0.49175073495081606,-1.4413793517562759,-0.4229017690218273,0.007263661530264184
Iran,IRN,1988,1,comprehensive,terrorism,IEEPA,0,0,0,0,0,-6.0,4.094,1,11.69,2.899,7.712,43,0.177,0.269,0,0,0,0.9032434848797974,-0.0072716127319475896,1.6593774928541416,0.3945981742824314,-1.3600013490980225,-0.38354096764863405,1.4988219093766761
Iran,IRN,1989,1,comprehensive,terrorism,IEEPA,0,0,0,0,0,-6.0,3.9634,0,18.4,2.995,7.662,44,0.168,0.295,0,0,0,0.7162337094495647,0.4735535662288588,1.8086450024879135,0.353079985962609,-1.2786233464397694,-0.442582169708424,1.2954125192093353
Iran,IRN,1990,1,comprehensive,terrorism,IEEPA,0,0,0,0,0,-6.0,3.9673,1,23.99,3.091,7.668,45,0.16,0.276,0,0,0,0.7218182280114167,0.8741217853631222,1.9579125121216856,0.3580621685609879,-1.197245343781516,-0.49506323820601517,1.4132569401010566
Iran,IRN,1993,1,comprehensive,terrorism,IEEPA,0,0,0,0,0,-6.0,3.924,1,30.84,2.897,6.945,48,0.162,0.289,0,0,0,0.659815752696493,1.3649790843022465,1.6562677530701044,-0.24229083454364572,-0.9531113358067564,-0.4819429710816174,1.09283155415888
Iran,IRN,1994,1,comprehensive,terrorism,IEEPA,0,0,0,0,0,-6.0,4.1841,0,25.81,2.785,7.063,49,0.165,0.301,0,0,0,1.032260182936948,1.0045393450812545,1.4821223251640379,-0.14430791010886504,-0.8717333331485031,-0.46226257039502067,1.5299358625087645
Iran,IRN,1995,1,comprehensive,terrorism,IEEPA,0,0,0,0,0,-6.0,4.6881,0,20.77,3.039,7.346,50,0.165,0.301,0,0,0,1.7539518124686266,0.6433830258618114,1.8770592777367257,0.09068503578133076,-0.7903553304902499,-0.46226257039502067,3.2922715222973813
Iran,IRN,1996,1,comprehensive,terrorism,IEEPA,0,0,0,0,0,-6.0,4.7014,1,20.99,2.986,7.557,51,0.174,0.336,0,0,0,1.772996452692378,0.6591477858277394,1.7946511734597477,0.26589179049098205,-0.7089773278319966,-0.40322136833523076,3.1819101643643464
Iran,IRN,1997,1,comprehensive,terrorism,IEEPA,0,0,0,0,0,3.0,4.8214,1,19.76,2.844,7.49,52,0.218,0.38,0,0,0,1.9448277930570634,0.5710084460182325,1.5738596487931262,0.21025741814241974,-0.6275993251737434,-0.11457549159847931,3.0608859873439007
Iran,IRN,1998,1,comprehensive,terrorism,IEEPA,0,0,0,0,0,3.0,4.7732,0,13.4,2.661,7.444,53,0.231,0.427,0,0,0,1.8758088713439154,0.11526356700322073,1.289318458553749,0.1720606848881828,-0.5462213225154902,-0.029293755289893607,2.4185150025425846
Iran,IRN,1999,1,comprehensive,terrorism,IEEPA,0,0,0,0,0,3.0,4.2288,1,18.63,2.386,7.461,54,0.234,0.427,0,0,0,1.096267357222793,0.4900349061932382,0.8617292382486736,0.18617686891692273,-0.464843319857237,-0.009613354603296903,0.944685634656484
Iran,IRN,2000,1,comprehensive,terrorism,IEEPA,0,0,0,0,0,3.0,3.6987,1,33.08,2.175,7.409,55,0.233,0.414,0,0,0,0.33720241116179667,1.5254930039553325,0.5336516910327789,0.1429979530643069,-0.38346531719898375,-0.016173488165495804,0.17994863693682317
Iran,IRN,2001,1,comprehensive,terrorism,IEEPA,0,0,0,0,0,3.0,3.7641,1,24.06,1.948,7.54,56,0.234,0.43,0,0,0,0.43085049166054995,0.8791378453522812,0.18069622554458947,0.2517756064622421,-0.3020873145407305,-0.009613354603296903,0.077853057617092
Iran,IRN,2002,1,comprehensive,terrorism,IEEPA,0,0,0,0,0,3.0,3.9774,0,22.9,1.564,7.545,57,0.232,0.42,0,0,0,0.7362806991587777,0.7960145655319332,-0.41637381299049764,0.2559274252942243,-0.22070931188247725,-0.022733621727694706,-0.30656800214004976
Iran,IRN,2003,1,comprehensive,terrorism,IEEPA,0,0,0,3,3,3.0,3.8323,0,24.18,1.336,7.7,58,0.232,0.42,1,3,0,0.5285079701011461,0.8877368053336966,-0.7708841483707056,0.3846338090856743,-0.13933130922422401,-0.022733621727694706,-0.40741841643855237
Iran,IRN,2004,1,comprehensive,terrorism,IEEPA,0,0,0,3,3,-7.0,3.9989,0,27.24,1.312,7.891,59,0.207,0.283,1,3,0,0.7670671476407839,1.1070102848597871,-0.8082010257791487,0.5432332884673963,-0.05795330656597079,-0.18673696078266722,-0.6199444555647672
Iran,IRN,2005,1,comprehensive,terrorism,IEEPA,0,0,1,0,1,-6.0,3.9264,1,34.48,1.411,8.049,60,0.177,0.246,1,1,1,0.6632523795037869,1.6258142037385113,-0.6542689064693215,0.674430763558035,0.023424696092282447,-0.38354096764863405,-0.43394540905111806
Iran,IRN,2006,1,comprehensive,terrorism,IEEPA,0,32,0,0,32,-6.0,4.2479,1,34.78,1.64,8.194,61,0.173,0.236,1,32,32,1.1236171788975051,1.6473116036920499,-0.29820370119709516,0.7948335096855214,0.10480269875053569,-0.4097815018974297,-0.33506680147587464
Iran,IRN,2007,1,comprehensive,terrorism,IEEPA,0,41,0,0,41,-6.0,4.004,1,29.18,1.638,8.453,62,0.173,0.236,1,41,41,0.7743699796062825,1.246026804559335,-0.3013134409811321,1.009897725182201,0.18618070140878892,-0.4097815018974297,-0.23332808314765807
Iran,IRN,2008,1,comprehensive,terrorism,IEEPA,0,35,1,0,36,-6.0,4.0091,1,33.52,1.711,8.59,63,0.167,0.202,2,36,36,0.7816728115717824,1.557022523887189,-0.1878079388637845,1.123657561178515,0.2675587040670422,-0.4491423032706229,-0.14680435960715585
Iran,IRN,2009,1,comprehensive,terrorism,IEEPA,0,0,1,1,2,-7.0,4.3583,1,20.34,1.291,8.597,64,0.158,0.159,2,2,1,1.281702012033016,0.6125700859284064,-0.8408532935115364,1.1294701075432898,0.3489367067252954,-0.508183505330413,-1.0777233581183243
Iran,IRN,2010,1,comprehensive,terrorism,IEEPA,0,77,2,0,79,-7.0,3.8971,1,23.07,1.304,8.747,65,0.144,0.127,2,52,79,0.6212968938980761,0.808196425505605,-0.8206399849152963,1.2540246725027577,0.43031470938354865,-0.6000253752011976,-0.5098610736364376
Iran,IRN,2011,1,comprehensive,terrorism,IEEPA,0,0,1,1,2,-7.0,4.4478,1,25.35,1.474,8.99,66,0.145,0.127,2,2,1,1.4098595533883438,0.9715766651524961,-0.5563121032721589,1.4558030677370954,0.5116927120418019,-0.5934652416389987,-0.7843219334638161
Iran,IRN,2012,1,comprehensive,terrorism,IEEPA,9,8,3,3,23,-7.0,3.9712,0,21.12,1.356,9.001,67,0.158,0.235,4,23,20,0.7274027465732693,0.6684633258076061,-0.7397867505303365,1.4649370691674557,0.5930707147000551,-0.508183505330413,-0.5381229142142807
Iran,IRN,2013,1,comprehensive,terrorism,IEEPA,0,0,11,1,12,-7.0,4.2699,0,24.95,1.309,8.736,68,0.174,0.334,2,12,11,1.155119591297698,0.9429134652144449,-0.8128656354552042,1.2448906710723975,0.6744487173583084,-0.40322136833523076,-0.938957020606959
Iran,IRN,2014,1,comprehensive,terrorism,IEEPA,0,0,11,0,11,-7.0,4.2033,0,24.86,1.3,8.643,69,0.183,0.382,1,11,11,1.0597531973952972,0.9364642452283833,-0.8268594644833701,1.1676668407975275,0.7558267200165616,-0.3441801662754407,-0.8762669612828147
Iran,IRN,2015,1,comprehensive,terrorism,IEEPA,0,0,10,0,10,-7.0,4.1581,0,15.23,1.22,8.508,70,0.186,0.382,1,10,10,0.9950300591912665,0.24639770671980432,-0.9512490558448468,1.0555677323340054,0.8372047226748148,-0.32449976558884397,-0.9465214043429343
Iran,IRN,2016,1,comprehensive,terrorism,IEEPA,2,0,12,0,14,-7.0,3.7645,1,13.14,1.276,8.65,71,0.186,0.382,2,14,14,0.43142326279509885,0.09663248704348756,-0.8641763418918131,1.1734793871623024,0.9185827253330681,-0.32449976558884397,-0.37282577704929887
Iran,IRN,2017,1,comprehensive,terrorism,IEEPA,0,0,9,0,9,-7.0,4.382,1,17.47,1.339,8.7,72,0.185,0.37,1,9,9,1.315638701755041,0.4069116263728901,-0.7662195386946504,1.214997575482124,0.9999607279913213,-0.33105989915104284,-1.0080680791475762
Iran,IRN,2018,1,comprehensive,terrorism,IEEPA,3,0,6,0,9,-7.0,3.8945,1,34.24,1.573,8.473,73,0.182,0.367,2,9,9,0.6175738815235077,1.608616283775681,-0.40237998396233166,1.026505000510131,1.0813387306495745,-0.35074029983763955,-0.24849936854298393
Iran,IRN,2019,1,comprehensive,terrorism,IEEPA,9,0,14,0,23,-7.0,4.4766,1,27.8,1.742,8.293,74,0.181,0.367,2,23,23,1.4510990750758688,1.1471387647730587,-0.1396069722112125,0.8770395225587687,1.1627167333078277,-0.35730043339983847,-0.20258354824983296
Iran,IRN,2020,1,comprehensive,terrorism,IEEPA,3,0,5,4,12,-7.0,4.1619,1,23.24,1.616,8.072,75,0.165,0.266,3,12,8,1.0004713849694817,0.8203782854792765,-0.3355205786055378,0.693529130185153,1.244094735966081,-0.46226257039502067,-0.33567873796324427
Iran,IRN,2021,1,comprehensive,terrorism,IEEPA,0,0,8,3,11,-7.0,4.0954,1,30.45,1.485,8.435,76,0.158,0.241,2,11,8,0.9052481838507179,1.3370324643626468,-0.5392085344599556,0.9949511773870657,1.3254727386243341,-0.508183505330413,-0.4881175465366821
Iraq,IRQ,1990,1,comprehensive,national_security,IEEPA,7,0,0,0,7,-9.0,4.1101,1,9.5,3.091,9.236,45,0.081,0.044,1,7,7,0.9262975230453925,-0.16420263239277708,1.9579125121216856,1.6600725542706227,-1.197245343781516,-1.0133137896197277,1.8136095103178993
Iraq,IRQ,1994,1,comprehensive,national_security,IEEPA,0,0,0,3,3,-9.0,4.694,1,67.44,2.785,5.289,49,0.083,0.044,1,3,0,1.762400186703223,3.987661878633918,1.4821223251640379,-1.6173732316961682,-0.8717333331485031,-1.00019352249533,2.6120926625861154
Iraq,IRQ,1995,1,comprehensive,national_security,IEEPA,0,0,0,0,0,-9.0,4.7225,1,23.08,3.039,6.428,50,0.097,0.047,0,0,0,1.803210130039836,0.8089130055040561,1.8770592777367257,-0.6715889017706109,-0.7903553304902499,-0.9083516526245455,3.3847323043001216
Iraq,IRQ,2005,1,comprehensive,national_security,IEEPA,0,627,0,8,635,0.0,3.8925,1,65.32,1.411,7.474,60,0.237,0.098,2,58,627,0.6147100258507633,3.835746918962247,-0.6542689064693215,0.1969715978800765,0.023424696092282447,0.010067046083299617,-0.4021856564091072
Iraq,IRQ,2006,1,comprehensive,national_security,IEEPA,0,70,0,5,75,-3.0,3.0951,1,63.73,1.64,7.73,61,0.397,0.428,2,55,70,-0.5271092308725701,3.7218106992084947,-0.29820370119709516,0.40954472207756804,0.10480269875053569,1.059688416035123,0.15718592358135455
Iraq,IRQ,2007,1,comprehensive,national_security,IEEPA,0,350,0,5,355,-3.0,3.4052,1,53.22,1.638,8.048,62,0.426,0.428,2,55,350,-0.08306840881349635,2.968685120836203,-0.3013134409811321,0.673600399791639,0.18618070140878892,1.2499322893388907,0.025029628096421987
Iraq,IRQ,2008,1,comprehensive,national_security,IEEPA,0,53,0,5,58,-3.0,3.259,1,55.69,1.711,8.421,63,0.426,0.432,2,55,53,-0.29241625849113767,3.1456803804536686,-0.1878079388637845,0.9833260846575145,0.2675587040670422,1.2499322893388907,0.05491809479748019
Iraq,IRQ,2009,1,comprehensive,national_security,IEEPA,0,0,0,5,5,-3.0,3.2558,1,39.51,1.291,8.22,64,0.425,0.432,1,5,0,-0.2969984275675294,1.9862539429595032,-0.8408532935115364,0.816422967611829,0.3489367067252954,1.243372155776692,0.2497321059879046
Iraq,IRQ,2010,1,comprehensive,national_security,IEEPA,0,367,0,3,370,3.0,3.1631,1,43.57,1.304,8.403,65,0.414,0.407,2,53,367,-0.4297381379992484,2.2771854223307217,-0.8206399849152963,0.9683795368623792,0.43031470938354865,1.171210686592504,0.3526602990852308
Iraq,IRQ,2011,1,comprehensive,national_security,IEEPA,0,28,0,3,31,3.0,2.9576,1,51.19,1.474,8.661,66,0.413,0.401,2,31,28,-0.7239993083737721,2.823219381150594,-0.5563121032721589,1.1826133885926629,0.5116927120418019,1.164650553030305,0.4027695780090015
Iraq,IRQ,2012,1,comprehensive,national_security,IEEPA,0,0,0,1,1,3.0,3.0268,1,49.85,1.356,8.776,67,0.41,0.401,1,1,0,-0.6249099020968032,2.7271976613581232,-0.7397867505303365,1.2781052217282547,0.5930707147000551,1.1449701523437084,0.46230006584642475
Iraq,IRQ,2013,1,comprehensive,national_security,IEEPA,0,0,0,1,1,3.0,3.0628,1,45.58,1.309,8.802,68,0.414,0.382,1,1,0,-0.5733604999873976,2.4212180020194283,-0.8128656354552042,1.2996946796545623,0.6744487173583084,1.171210686592504,0.4660650471671695
Iraq,IRQ,2014,1,comprehensive,national_security,IEEPA,2,3,0,5,10,6.0,3.2458,1,46.85,1.3,8.74,69,0.403,0.362,3,10,5,-0.31131770593125285,2.5122236618227403,-0.8268594644833701,1.2482121261379828,0.7558267200165616,1.0990492174083164,0.25741599161050704
Iraq,IRQ,2015,1,comprehensive,national_security,IEEPA,0,9,0,5,14,6.0,3.3293,1,37.5,1.22,8.398,70,0.396,0.349,2,14,9,-0.19175173159415954,1.8422213632707969,-0.9512490558448468,0.9642277180303963,0.8372047226748148,1.053128282472924,0.18240365363555874
Iraq,IRQ,2016,1,comprehensive,national_security,IEEPA,0,322,0,5,327,6.0,3.3587,1,33.22,1.276,8.374,71,0.39,0.33,2,55,322,-0.14965305320481184,1.5355251239336505,-0.8641763418918131,0.9442989876368822,0.9185827253330681,1.0137674810997308,0.12932662807147519
Iraq,IRQ,2017,1,comprehensive,national_security,IEEPA,0,57,0,5,62,6.0,3.5648,1,39.2,1.339,8.468,72,0.375,0.33,2,55,57,0.14546727387153524,1.964039963007514,-0.7662195386946504,1.0223531816781481,0.9999607279913213,0.9153654776667471,-0.1114598674810161
Iraq,IRQ,2018,1,comprehensive,national_security,IEEPA,0,40,0,3,43,6.0,3.2987,1,46.15,1.573,8.639,73,0.398,0.342,2,43,40,-0.2355687233871539,2.462063061931151,-0.40237998396233166,1.1643453857319406,1.0813387306495745,1.066248549597322,0.09478813913854993
Iraq,IRQ,2019,1,comprehensive,national_security,IEEPA,0,0,0,3,3,6.0,3.4976,1,40.61,1.742,8.643,74,0.393,0.365,1,3,0,0.04924172326731131,2.0650777427891436,-0.1396069722112125,1.1676668407975275,1.1627167333078277,1.0334478817863273,-0.006874487891811746
Iraq,IRQ,2020,1,comprehensive,national_security,IEEPA,0,1,0,3,4,6.0,3.4253,1,27.42,1.616,8.365,75,0.376,0.359,2,4,1,-0.05428665930241125,1.1199087248319104,-0.3355205786055378,0.9368257137393139,1.244094735966081,0.9219256112289461,0.018214291339706725
Iraq,IRQ,2021,1,comprehensive,national_security,IEEPA,0,0,0,3,3,6.0,3.3502,1,43.45,1.485,8.491,76,0.374,0.37,1,3,0,-0.16182443981397665,2.2685864623493064,-0.5392085344599556,1.0414515483052662,1.3254727386243341,0.9088053441045483,0.08725711903189765
Laos,LAO,1984,1,comprehensive,national_security,TWEA,0,0,0,0,0,-7.0,4.0058,0,1.92,2.752,6.18,39,0.069,0.0,0,0,0,0.7769474497117531,-0.7073702712188445,1.4308116187274282,-0.8775191158369309,-1.6855133597310354,-1.0920353923661146,1.1116654381882207
Laos,LAO,1985,1,comprehensive,national_security,TWEA,0,0,0,0,0,-7.0,4.1414,0,1.52,2.984,6.45,40,0.069,0.0,0,0,0,0.9711168643238477,-0.7360334711568957,1.7915414336757103,-0.6533208989098889,-1.6041353570727823,-1.0920353923661146,1.7397960993774064
Laos,LAO,1986,1,comprehensive,national_security,TWEA,0,0,0,0,0,-7.0,4.256,0,2.88,2.97,6.135,41,0.069,0.0,0,0,0,1.1352157943721224,-0.6385785913675219,1.7697732551874523,-0.9148854853247711,-1.522757354414529,-1.0920353923661146,2.0090745517461603
Laos,LAO,1987,1,comprehensive,national_security,TWEA,0,0,0,0,0,-7.0,4.2445,0,5.01,2.855,5.616,42,0.07,0.0,0,0,0,1.1187486242538403,-0.48594705169740016,1.5909632176053294,-1.345844280084529,-1.4413793517562759,-1.0854752588039156,1.7798879109344254
Laos,LAO,1988,1,comprehensive,national_security,TWEA,0,0,0,0,0,-7.0,4.0275,0,9.13,2.899,4.991,43,0.07,0.0,0,0,0,0.8080202837610337,-0.19071609233547424,1.6593774928541416,-1.8648216340823105,-1.3600013490980225,-1.0854752588039156,1.3408106726426763
Laos,LAO,1989,1,comprehensive,national_security,TWEA,0,14,0,0,14,-7.0,3.7321,0,7.8,2.995,5.138,44,0.113,0.085,1,14,14,0.3850288008966339,-0.2860212321294941,1.8086450024879135,-1.7427581604220321,-1.2786233464397694,-0.8033895156293632,0.6963804165556108
Laos,LAO,1990,1,comprehensive,national_security,TWEA,0,15,0,0,15,-7.0,3.6932,0,6.88,3.091,5.302,45,0.116,0.11,1,15,15,0.3293268080617485,-0.3519465919870115,1.9579125121216856,-1.6065785027330144,-1.197245343781516,-0.7837091149427665,0.6447930780811942
Laos,LAO,1991,1,comprehensive,national_security,TWEA,0,24,0,0,24,-7.0,3.6436,0,6.99,3.158,5.446,46,0.085,0.109,1,24,24,0.2583031873776788,-0.3440642120040474,2.0620887948869218,-1.4870061203719256,-1.115867341123263,-0.9870732553709322,0.5326441083750885
Laos,LAO,1992,1,comprehensive,national_security,TWEA,0,29,0,0,29,-7.0,3.6762,0,7.1,3.057,5.511,47,0.085,0.109,1,29,29,0.30498403484341824,-0.3361818320210834,1.9050469357930575,-1.4330324755561559,-1.0344893384650096,-0.9870732553709322,0.581008901044257
Laos,LAO,1993,1,comprehensive,national_security,TWEA,0,43,0,0,43,-7.0,3.8366,0,6.1,2.897,5.647,48,0.085,0.119,1,43,43,0.534665259797547,-0.4078398318662111,1.6562677530701044,-1.3201030033262384,-0.9531113358067564,-0.9870732553709322,0.8855488284895268
Laos,LAO,1994,1,comprehensive,national_security,TWEA,0,18,0,0,18,-7.0,4.0367,0,6.44,2.785,5.771,49,0.085,0.119,1,18,18,0.8211940198556594,-0.3834761119188676,1.4821223251640379,-1.217137896293079,-0.8717333331485031,-0.9870732553709322,1.217109990119273
Laos,LAO,1995,1,comprehensive,national_security,TWEA,0,42,0,0,42,-7.0,4.4521,0,9.06,3.039,5.88,50,0.085,0.119,1,42,42,1.4160168430847448,-0.1957321523246332,1.8770592777367257,-1.1266282457558658,-0.7903553304902499,-0.9870732553709322,2.6579475527436895
Lebanon,LBN,2007,1,targeted,terrorism,IEEPA,4,0,0,0,4,6.0,3.4491,0,0.0,1.638,8.542,62,0.442,0.327,1,4,4,-0.02020677679674862,-0.8449536309214897,-0.3013134409811321,1.0838001003914852,0.18618070140878892,1.3548944263340732,0.0060885734477660255
Lebanon,LBN,2008,1,targeted,terrorism,IEEPA,0,0,0,0,0,6.0,3.3708,0,0.0,1.711,8.685,63,0.443,0.332,0,0,0,-0.13232672638470577,-0.8449536309214897,-0.1878079388637845,1.2025421189861782,0.2675587040670422,1.3614545598962722,0.02485200973890356
Lebanon,LBN,2009,1,targeted,terrorism,IEEPA,0,0,0,0,0,6.0,3.309,0,0.0,1.291,8.867,64,0.467,0.362,0,0,0,-0.22081986667251843,-0.8449536309214897,-0.8408532935115364,1.3536683244703327,0.3489367067252954,1.5188977653890456,0.18567711216436547
Lebanon,LBN,2010,1,targeted,terrorism,IEEPA,0,0,0,0,0,6.0,3.1513,0,0.0,1.304,8.939,65,0.466,0.386,0,0,0,-0.4466348864684425,-0.8449536309214897,-0.8206399849152963,1.4134545156508764,0.43031470938354865,1.5123376318268469,0.36652644649410776
Lebanon,LBN,2011,1,targeted,terrorism,IEEPA,0,0,0,0,0,6.0,3.2028,0,0.0,1.474,8.966,66,0.479,0.386,0,0,0,-0.37289060289526527,-0.8449536309214897,-0.5563121032721589,1.4358743373435798,0.5116927120418019,1.597619368135432,0.20744355558708838
Lebanon,LBN,2012,1,targeted,terrorism,IEEPA,0,0,0,0,0,6.0,3.3702,0,0.0,1.356,9.037,67,0.477,0.386,0,0,0,-0.1331858830865291,-0.8449536309214897,-0.7397867505303365,1.4948301647577291,0.5930707147000551,1.5844991010110343,0.09852915166509667
Lebanon,LBN,2013,1,targeted,terrorism,IEEPA,0,0,0,0,0,6.0,3.4582,0,0.0,1.309,9.007,68,0.486,0.418,0,0,0,-0.007176233485759838,-0.8449536309214897,-0.8128656354552042,1.4699192517658346,0.6744487173583084,1.6435403030708244,0.005833313592577086
Lebanon,LBN,2014,1,targeted,terrorism,IEEPA,0,0,0,0,0,6.0,3.3839,1,0.0,1.3,8.933,69,0.486,0.418,0,0,0,-0.11356847172822747,-0.8449536309214897,-0.8268594644833701,1.4084723330524975,0.7558267200165616,1.6435403030708244,0.09390516571539692
Lebanon,LBN,2015,1,targeted,terrorism,IEEPA,0,0,0,0,0,6.0,3.4623,1,0.0,1.22,8.951,70,0.48,0.418,0,0,0,-0.0013053293566334223,-0.8449536309214897,-0.9512490558448468,1.4234188808476342,0.8372047226748148,1.604179501697631,0.0012416933180641042
Lebanon,LBN,2016,1,targeted,terrorism,IEEPA,0,0,0,0,0,6.0,3.2323,0,0.0,1.276,8.998,71,0.479,0.411,0,0,0,-0.33064873172228004,-0.8449536309214897,-0.8641763418918131,1.4624459778682664,0.9185827253330681,1.597619368135432,0.2857388114309275
Lebanon,LBN,2017,1,targeted,terrorism,IEEPA,0,0,0,0,0,6.0,3.5988,1,0.0,1.339,9.06,72,0.47,0.432,0,0,0,0.19415282030819642,-0.8449536309214897,-0.7662195386946504,1.5139285313848472,0.9999607279913213,1.5385781660756421,-0.14876368441281163
Lebanon,LBN,2018,1,targeted,terrorism,IEEPA,0,0,0,0,0,6.0,3.589,0,0.0,1.573,9.124,73,0.44,0.36,0,0,0,0.18011992751174677,-0.8449536309214897,-0.40237998396233166,1.5670718124342202,1.0813387306495745,1.3417741592096755,-0.072476653543473
Lebanon,LBN,2019,1,targeted,terrorism,IEEPA,0,0,0,0,0,6.0,3.6783,0,0.0,1.742,9.094,74,0.429,0.335,0,0,0,0.30799108329980024,-0.8449536309214897,-0.1396069722112125,1.5421608994423257,1.1627167333078277,1.2696126900254874,-0.042997702607536444
Lebanon,LBN,2020,1,targeted,terrorism,IEEPA,0,1,0,0,1,6.0,3.5426,0,0.0,1.616,8.624,75,0.436,0.342,1,1,1,0.1136784759040688,-0.8449536309214897,-0.3355205786055378,1.151889929235995,1.244094735966081,1.3155336249608798,-0.03814146801032885
Lebanon,LBN,2021,1,targeted,terrorism,IEEPA,0,0,0,0,0,6.0,3.5112,0,0.0,1.485,8.305,76,0.433,0.331,0,0,0,0.06871594184197603,-0.8449536309214897,-0.5392085344599556,0.8870038877555265,1.3254727386243341,1.295853224274283,-0.03705222229464744
Liberia,LBR,2005,1,targeted,human_rights,IEEPA,0,0,0,0,0,5.0,3.0792,0,20.05,1.411,5.661,60,0.276,0.13,0,0,0,-0.5498768834708906,0.5917892659733195,-0.6542689064693215,-1.3084779105966888,0.023424696092282447,0.26591225500905674,0.3597673472412581
Liberia,LBR,2006,1,targeted,human_rights,IEEPA,0,0,0,0,0,6.0,3.146,0,17.65,1.64,5.77,61,0.643,0.625,0,0,0,-0.4542241040012162,0.41981006634501306,-0.29820370119709516,-1.2179682600594757,0.10480269875053569,2.6734812723360513,0.13545130898609695
Liberia,LBR,2007,1,targeted,human_rights,IEEPA,0,0,0,0,0,6.0,3.0971,0,21.58,1.638,5.925,62,0.655,0.625,0,0,0,-0.5242453751998251,0.7014260057363646,-0.3013134409811321,-1.0892618762680257,0.18618070140878892,2.752202875082438,0.15796217791990394
Liberia,LBR,2008,1,targeted,human_rights,IEEPA,0,1746,0,0,1746,6.0,3.0186,0,21.77,1.711,6.113,63,0.655,0.625,1,50,1746,-0.6366517103550566,0.715041025706939,-0.1878079388637845,-0.9331534881854924,0.2675587040670422,2.752202875082438,0.11956824549588631
Liberia,LBR,2009,1,targeted,human_rights,IEEPA,0,50,0,0,50,6.0,2.751,0,22.08,1.291,6.106,64,0.657,0.625,1,50,50,-1.019835599368305,0.7372550056589284,-0.8408532935115364,-0.9389660345502681,0.3489367067252954,2.7653231422068356,0.857532122569151
Liberia,LBR,2010,1,targeted,human_rights,IEEPA,0,59,0,0,59,6.0,2.5332,0,18.36,1.304,6.199,65,0.649,0.625,1,50,59,-1.3317094821302087,0.47068724623505376,-0.8206399849152963,-0.8617422042753982,0.43031470938354865,2.7128420737092447,1.0928540493268915
Liberia,LBR,2011,1,targeted,human_rights,IEEPA,0,47,0,0,47,6.0,2.6348,0,23.27,1.474,6.342,66,0.646,0.618,1,47,47,-1.1862256139547753,0.8225280254746304,-0.5563121032721589,-0.7430001856807059,0.5116927120418019,2.6931616730226478,0.659911666254489
Liberia,LBR,2012,1,targeted,human_rights,IEEPA,0,1178,0,0,1178,6.0,2.7406,0,26.71,1.356,6.459,67,0.64,0.6,1,50,1178,-1.0347276488665773,1.0690315449418697,-0.7397867505303365,-0.6458476250123212,0.5930707147000551,2.6538008716494543,0.7654778050389003
Liberia,LBR,2013,1,targeted,human_rights,IEEPA,0,65,0,0,65,6.0,2.4948,0,28.37,1.309,6.566,68,0.618,0.576,1,50,65,-1.3866955110469077,1.1879838246847814,-0.8128656354552042,-0.5569987020079008,0.6744487173583084,2.5094779332810786,1.1271971277700237
Liberia,LBR,2014,1,targeted,human_rights,IEEPA,0,52,0,0,52,6.0,2.8148,0,26.18,1.3,6.561,69,0.611,0.576,1,50,52,-0.9284786034077472,1.0310528050239518,-0.8268594644833701,-0.561150520839883,0.7558267200165616,2.463556998345686,0.7677213207979973
Liberia,LBR,2015,1,targeted,human_rights,IEEPA,1,11,0,0,12,6.0,2.5618,0,19.45,1.22,6.54,70,0.611,0.576,2,12,12,-1.2907563460099587,0.5487944660662428,-0.9512490558448468,-0.5785881599342084,0.8372047226748148,2.463556998345686,1.2278307554677175
Libya,LBY,1990,1,comprehensive,terrorism,IEEPA,0,0,0,0,0,-7.0,3.9494,0,40.39,3.091,8.78,45,0.072,0.0,0,0,0,0.6961867197403511,2.0493129828232157,1.9579125121216856,1.2814266767938403,-1.197245343781516,-1.0723549916795179,1.3630726893525866
Libya,LBY,1991,1,comprehensive,terrorism,IEEPA,0,0,0,0,0,-7.0,3.8693,0,23.97,3.158,8.859,46,0.072,0.0,0,0,0,0.5814893000469239,0.8726886253662197,2.0620887948869218,1.3470254143391602,-1.115867341123263,-1.0723549916795179,1.199082569973401
Libya,LBY,1992,1,comprehensive,terrorism,IEEPA,0,0,0,0,0,-7.0,3.7409,0,22.95,3.057,8.896,47,0.072,0.0,0,0,0,0.39762976585671067,0.7995974655241895,1.9050469357930575,1.3777488736958297,-1.0344893384650096,-1.0723549916795179,0.7575033670254376
Libya,LBY,1993,1,comprehensive,terrorism,IEEPA,0,0,0,0,0,-7.0,4.1204,0,22.89,2.897,8.776,48,0.072,0.0,0,0,0,0.9410463797600279,0.795297985533482,1.6562677530701044,1.2781052217282547,-0.9531113358067564,-1.0723549916795179,1.5586247729398977
Libya,LBY,1994,1,comprehensive,terrorism,IEEPA,0,0,0,0,0,-7.0,4.4388,0,22.58,2.785,8.688,49,0.072,0.0,0,0,0,1.396972202860992,0.7730840055814923,1.4821223251640379,1.2050332102853678,-0.8717333331485031,-1.0723549916795179,2.0704836894938614
Libya,LBY,1995,1,comprehensive,terrorism,IEEPA,0,0,0,0,0,-7.0,4.8322,0,27.63,3.039,8.557,50,0.072,0.0,0,0,0,1.960292613689886,1.1349569047993868,1.8770592777367257,1.0962555568874326,-0.7903553304902499,-1.0723549916795179,3.6795854376053754
Libya,LBY,1996,1,comprehensive,terrorism,IEEPA,0,0,0,0,0,-7.0,5.145,0,31.9,2.986,8.629,51,0.072,0.0,0,0,0,2.4081996409071644,1.440936564138082,1.7946511734597477,1.1560417480679763,-0.7089773278319966,-1.0723549916795179,4.321878311479385
Libya,LBY,1997,1,comprehensive,terrorism,IEEPA,0,0,0,0,0,-7.0,4.9648,0,27.19,2.844,8.71,52,0.072,0.0,0,0,0,2.1501662447928633,1.103427384867531,1.5738596487931262,1.2233012131460899,-0.6275993251737434,-1.0723549916795179,3.384059890876531
Libya,LBY,1998,1,comprehensive,terrorism,IEEPA,0,0,0,0,0,-7.0,4.9942,0,18.69,2.661,8.576,53,0.072,0.0,0,0,0,2.192264923182211,0.494334386183946,1.289318458553749,1.1120324684489653,-0.5462213225154902,-1.0723549916795179,2.826527631498741
Libya,LBY,1999,1,comprehensive,terrorism,IEEPA,0,0,0,0,0,-7.0,4.3069,0,20.2,2.386,8.838,54,0.072,0.0,0,0,0,1.2081009212434757,0.6025379659500886,0.8617292382486736,1.3295877752448342,-0.464843319857237,-1.0723549916795179,1.0410558865906612
Libya,LBY,2000,1,comprehensive,terrorism,IEEPA,0,0,0,0,0,-7.0,3.9588,0,34.26,2.175,8.884,55,0.072,0.0,0,0,0,0.7096468414022519,1.6100494437725832,0.5336516910327789,1.3677845084990718,-0.38346531719898375,-1.0723549916795179,0.37870423695038197
Libya,LBY,2001,1,comprehensive,terrorism,IEEPA,0,2,0,0,2,-7.0,4.2345,0,30.39,1.948,8.75,56,0.072,0.0,1,2,2,1.1044293458901155,1.3327329843719393,0.18069622554458947,1.2565157638019473,-0.3020873145407305,-1.0723549916795179,0.19956621418302373
Libya,LBY,2002,1,comprehensive,terrorism,IEEPA,0,0,0,0,0,-7.0,4.1465,0,49.62,1.564,8.221,57,0.072,0.0,0,0,0,0.9784196962893463,2.7107163213937437,-0.41637381299049764,0.817253331378225,-0.22070931188247725,-1.0723549916795179,-0.4073883396489998
Libya,LBY,2003,1,comprehensive,terrorism,IEEPA,0,0,0,0,0,-7.0,4.148,0,48.72,1.336,8.45,58,0.072,0.0,0,0,0,0.980567588043905,2.646224121533129,-0.7708841483707056,1.0074066338830114,-0.13933130922422401,-1.0723549916795179,-0.7559040100291426
Libya,LBY,2004,1,comprehensive,terrorism,IEEPA,0,0,0,0,0,-7.0,4.2039,0,55.85,1.312,8.661,59,0.072,0.0,0,0,0,1.0606123540971213,3.1571456604288892,-0.8082010257791487,1.1826133885926629,-0.05795330656597079,-1.0723549916795179,-0.8571879925353311
Libya,LBY,2005,1,comprehensive,terrorism,IEEPA,0,0,0,0,0,-7.0,3.8968,0,62.33,1.411,8.997,60,0.072,0.0,0,0,0,0.6208673155471641,3.621489499425316,-0.6542689064693215,1.4616156141018704,0.023424696092282447,-1.0723549916795179,-0.4062141796055862
Libya,LBY,2006,1,comprehensive,terrorism,IEEPA,0,1,0,0,1,-7.0,3.8949,0,62.29,1.64,9.215,61,0.072,0.0,1,1,1,0.6181466526580566,3.618623179431511,-0.29820370119709516,1.6426349151762965,0.10480269875053569,-1.0723549916795179,-0.18433361970522766
Libya,LBY,2007,1,comprehensive,terrorism,IEEPA,0,2,0,0,2,-7.0,4.1046,0,61.37,1.638,9.319,62,0.072,0.0,1,2,2,0.9184219199453436,3.5526978195739933,-0.3013134409811321,1.7289927468815283,0.18618070140878892,-1.0723549916795179,-0.27673286897122934
Libya,LBY,2008,1,comprehensive,terrorism,IEEPA,0,0,1,0,1,-7.0,4.095,0,66.06,1.711,9.54,63,0.072,0.0,1,1,1,0.904675412716169,3.8887738388476425,-0.1878079388637845,1.9125031392551424,0.2675587040670422,-1.0723549916795179,-0.16990522460296728
Libya,LBY,2009,1,comprehensive,terrorism,IEEPA,0,0,1,0,1,-7.0,4.0517,0,51.73,1.291,9.164,64,0.071,0.0,1,1,1,0.8426729374012459,2.8619147010669628,-0.8408532935115364,1.6002863630900774,0.3489367067252954,-1.0789151252417168,-0.7085643147668783
Libya,LBY,2010,1,comprehensive,terrorism,IEEPA,0,0,2,0,2,-7.0,3.7262,0,55.97,1.304,9.359,65,0.071,0.0,1,2,2,0.37658042666203684,3.165744620410304,-0.8206399849152963,1.7622072975373855,0.43031470938354865,-1.0789151252417168,-0.3090369556553298
Libya,LBY,2011,1,comprehensive,terrorism,IEEPA,0,23,0,3,26,0.0,3.5783,1,37.56,1.474,8.935,66,0.175,0.0,2,26,23,0.16479829966256243,1.8465208432615048,-0.5563121032721589,1.4101330605852909,0.5116927120418019,-0.3966612347730319,-0.09167928870095561
Libya,LBY,2012,1,comprehensive,terrorism,IEEPA,0,0,3,0,3,0.0,3.03,0,59.1,1.356,9.614,67,0.329,0.333,1,3,3,-0.6203277330204121,3.390034159925554,-0.7397867505303365,1.973950057968481,0.5930707147000551,0.6135993338055982,0.4589102378750208
Libya,LBY,2013,1,comprehensive,terrorism,IEEPA,0,1,0,0,1,0.0,2.9944,1,47.74,1.309,9.389,68,0.54,0.669,1,1,1,-0.6713043639952682,2.575999281684904,-0.8128656354552042,1.7871182105292784,0.6744487173583084,1.997787515429565,0.5456802484228653
Libya,LBY,2014,1,comprehensive,terrorism,IEEPA,0,1,0,0,1,0.0,3.1718,1,31.02,1.3,9.097,69,0.28,0.0,1,1,1,-0.41728036582280853,1.3778775242743695,-0.8268594644833701,1.544651990741515,0.7558267200165616,0.2921527892578524,0.3450322198236722
Libya,LBY,2015,1,comprehensive,terrorism,IEEPA,0,1,0,0,1,0.0,2.9811,1,16.39,1.22,8.917,70,0.285,0.0,1,1,1,-0.6903490042190209,0.3295209865401524,-0.9512490558448468,1.3951865127901544,0.8372047226748148,0.3249534570688465,0.6566938384667738
Libya,LBY,2016,1,comprehensive,terrorism,IEEPA,3,2,0,5,10,0.0,3.2052,1,12.25,1.276,8.926,71,0.285,0.0,3,10,5,-0.3694539760879713,0.03285686718132392,-0.8641763418918131,1.4026597866877226,0.9185827253330681,0.3249534570688465,0.31927338555308843
Libya,LBY,2017,1,comprehensive,terrorism,IEEPA,0,0,0,3,3,0.0,3.2555,1,22.16,1.339,9.207,72,0.273,0.0,1,3,0,-0.29742800591844076,0.7429876456465389,-0.7662195386946504,1.6359920050451258,0.9999607279913213,0.24623185432246003,0.22789514948969744
Libya,LBY,2018,1,comprehensive,terrorism,IEEPA,0,8,0,3,11,0.0,3.3427,1,31.62,1.573,9.323,73,0.268,0.0,2,11,8,-0.1725638985867699,1.4208723241814463,-0.40237998396233166,1.7323142019471136,1.0813387306495745,0.21343118651146553,0.0694362587458219
Libya,LBY,2019,1,comprehensive,terrorism,IEEPA,0,0,6,3,9,0.0,3.2802,1,34.5,1.742,9.207,74,0.263,0.0,2,9,6,-0.26205938836004344,1.627247363735414,-0.1396069722112125,1.6359920050451258,1.1627167333078277,0.18063051870047103,0.036585317748467926
Libya,LBY,2020,1,comprehensive,terrorism,IEEPA,0,0,0,0,0,0.0,3.0179,1,11.48,1.616,8.802,75,0.266,0.0,0,0,0,-0.6376540598405175,-0.022319792699424326,-0.3355205786055378,1.2996946796545623,1.244094735966081,0.20031091938706774,0.21394605910786066
Libya,LBY,2021,1,comprehensive,terrorism,IEEPA,0,1,0,0,1,0.0,3.1086,0,61.03,1.485,8.504,76,0.216,0.0,1,1,1,-0.5077782050815429,3.52833409962665,-0.5392085344599556,1.05224627726842,1.3254727386243341,-0.1276957587228771,0.27379834179272555
Myanmar,MMR,1997,1,targeted,democracy,IEEPA,4,0,0,0,4,-5.0,4.6616,1,15.08,2.844,4.682,52,0.096,0.0,1,4,4,1.716005724804758,0.23564900674303513,1.5738596487931262,-2.121404037898813,-0.6275993251737434,-0.9149117861867445,2.7007521673682104
Myanmar,MMR,1998,1,targeted,democracy,IEEPA,0,0,0,0,0,-5.0,4.6202,1,14.65,2.661,4.983,53,0.096,0.0,0,0,0,1.6567239123789412,0.20483606680963026,1.289318458553749,-1.871464544213482,-0.5462213225154902,-0.9149117861867445,2.136044720957553
Myanmar,MMR,1999,1,targeted,democracy,IEEPA,0,0,0,0,0,-5.0,3.7638,1,9.29,2.386,5.244,54,0.096,0.0,0,0,0,0.430420913309638,-0.17925081236025395,0.8617292382486736,-1.6547396011840085,-0.464843319857237,-0.9149117861867445,0.37090628575261275
Myanmar,MMR,2000,1,targeted,democracy,IEEPA,0,0,0,0,0,-5.0,3.8441,1,10.85,2.175,5.281,55,0.096,0.0,0,0,0,0.5454047185703402,-0.06746433260185479,0.5336516910327789,-1.6240161418273398,-0.38346531719898375,-0.9149117861867445,0.2910561503623189
Myanmar,MMR,2001,1,targeted,democracy,IEEPA,0,0,0,0,0,-5.0,3.9053,1,15.83,1.948,4.952,56,0.096,0.0,0,0,0,0.6330387021563295,0.2893925066268809,0.18069622554458947,-1.897205820971772,-0.3020873145407305,-0.9149117861867445,0.11438770410329431
Myanmar,MMR,2002,1,targeted,democracy,IEEPA,0,0,0,0,0,-5.0,3.8961,1,17.4,1.564,4.988,57,0.096,0.0,0,0,0,0.6198649660617038,0.40189556638373114,-0.41637381299049764,-1.8673127253814992,-0.22070931188247725,-0.9149117861867445,-0.258095539458337
Myanmar,MMR,2003,1,targeted,democracy,IEEPA,0,0,0,0,0,-5.0,3.8504,1,20.18,1.336,5.413,58,0.096,0.0,0,0,0,0.5544258639394861,0.601104805953186,-0.7708841483707056,-1.514408124663008,-0.13933130922422401,-0.9149117861867445,-0.42739810995768346
Myanmar,MMR,2004,1,targeted,democracy,IEEPA,0,0,0,0,0,-6.0,4.1315,1,18.86,1.312,5.414,59,0.096,0.0,0,0,0,0.956940778743761,0.5065162461576176,-0.8082010257791487,-1.513577760896612,-0.05795330656597079,-0.9149117861867445,-0.773400518990605
Myanmar,MMR,2005,1,targeted,democracy,IEEPA,0,0,0,0,0,-6.0,3.8848,1,18.78,1.411,5.532,60,0.096,0.0,0,0,0,0.6036841815106956,0.5007836061700075,-0.6542689064693215,-1.4155948364618305,0.023424696092282447,-0.9149117861867445,-0.3949717892898302
Myanmar,MMR,2006,1,targeted,democracy,IEEPA,0,0,0,0,0,-6.0,3.8724,1,17.76,1.64,5.715,61,0.096,0.0,0,0,0,0.5859282763396781,0.4276924463279773,-0.29820370119709516,-1.2636382672112803,0.10480269875053569,-0.9149117861867445,-0.17472598064052638
Myanmar,MMR,2007,1,targeted,democracy,IEEPA,0,0,0,0,0,-6.0,3.8355,1,15.81,1.638,6.039,62,0.096,0.0,0,0,0,0.5330901391775379,0.28795934662997835,-0.3013134409811321,-0.9946004068988303,0.18618070140878892,-0.9149117861867445,-0.16062722418869457
Myanmar,MMR,2008,1,targeted,democracy,IEEPA,0,0,0,0,0,-6.0,3.8234,1,13.96,1.711,6.49,63,0.096,0.0,0,0,0,0.5157638123574317,0.15539204691649225,-0.1878079388637845,-0.6201063482540308,0.2675587040670422,-0.9149117861867445,-0.09686453853937696
Myanmar,MMR,2009,1,targeted,democracy,IEEPA,0,0,1,0,1,-6.0,3.7017,1,8.97,1.291,6.631,64,0.097,0.0,1,1,1,0.34149819467091397,-0.2021813723106947,-0.8408532935115364,-0.5030250571921312,0.3489367067252954,-0.9083516526245455,-0.2871498817172818
Myanmar,MMR,2010,1,targeted,democracy,IEEPA,0,0,1,0,1,-6.0,3.5333,1,7.99,1.304,6.918,65,0.119,0.021,1,1,1,0.10036154702580558,-0.2724062121589198,-0.8206399849152963,-0.26471065623635,0.43031470938354865,-0.7640287142561699,-0.08236069843733289
Myanmar,MMR,2011,1,targeted,democracy,IEEPA,0,0,0,0,0,-3.0,3.836,1,7.36,1.474,7.101,66,0.223,0.147,0,0,0,0.5338061030957236,-0.3175507520613502,-0.5563121032721589,-0.11275408698579971,0.5116927120418019,-0.08177482378748481,-0.29696279595269687
Myanmar,MMR,2012,1,targeted,democracy,IEEPA,0,0,3,0,3,-3.0,3.7195,1,5.96,1.356,7.092,67,0.306,0.359,1,3,3,0.366986510158342,-0.4178719518445289,-0.7397867505303365,-0.12022736088336805,0.5930707147000551,0.4627162618750234,-0.27149175783850815
Myanmar,MMR,2013,1,targeted,democracy,IEEPA,0,0,0,0,0,-3.0,3.4463,1,5.85,1.309,7.089,68,0.355,0.435,0,0,0,-0.02421617473859147,-0.42575433182749295,-0.8128656354552042,-0.12271845218255675,0.6744487173583084,0.7841628064227691,0.019684496267179417
Myanmar,MMR,2014,1,targeted,democracy,IEEPA,0,0,0,0,0,-3.0,3.7419,1,7.88,1.3,7.165,69,0.357,0.444,0,0,0,0.39906169369308286,-0.28028859214188384,-0.8268594644833701,-0.05961080593642683,0.7558267200165616,0.797283073547167,-0.3299679383428892
Myanmar,MMR,2015,1,targeted,democracy,IEEPA,0,0,0,0,0,2.0,3.4891,1,6.61,1.22,7.062,70,0.37,0.46,0,0,0,0.0370703366581465,-0.37129425194519594,-0.9512490558448468,-0.14513827387526104,0.8372047226748148,0.8825648098557527,-0.035263122745912465
Myanmar,MMR,2016,1,targeted,democracy,IEEPA,1,0,0,0,1,8.0,3.326,1,6.81,1.276,7.114,71,0.402,0.518,1,1,1,-0.19647709345418818,-0.35696265197617044,-0.8641763418918131,-0.10195935802264593,0.9185827253330681,1.0924890838461174,0.16979085588677625
Myanmar,MMR,2017,1,targeted,democracy,IEEPA,0,0,0,0,0,8.0,3.162,1,7.82,1.339,7.149,72,0.402,0.529,0,0,0,-0.4313132586192582,-0.28458807213259146,-0.7662195386946504,-0.07289662619877005,0.9999607279913213,1.0924890838461174,0.33048064605213445
Myanmar,MMR,2018,1,targeted,democracy,IEEPA,0,0,0,0,0,8.0,3.1988,1,6.7,1.573,7.169,73,0.397,0.519,0,0,0,-0.37861831424075476,-0.3648450319591344,-0.40237998396233166,-0.056289350870841394,1.0813387306495745,1.059688416035123,0.15234843121203995
Myanmar,MMR,2019,1,targeted,democracy,IEEPA,0,0,5,0,5,8.0,3.6786,1,5.88,1.742,7.263,74,0.421,0.497,1,5,5,0.3084206616507116,-0.4236045918321391,-0.1396069722112125,0.02176484317042521,1.1627167333078277,1.2171316215278962,-0.04305767474043466
Myanmar,MMR,2020,1,targeted,democracy,IEEPA,0,0,0,0,0,8.0,3.4723,1,4.66,1.616,7.307,75,0.426,0.551,0,0,0,0.013013949007090676,-0.5110273516431948,-0.3355205786055378,0.058300848891869435,1.244094735966081,1.2499322893388907,-0.004366447700802027
Myanmar,MMR,2021,1,targeted,democracy,IEEPA,3,0,0,0,3,8.0,3.521,1,8.68,1.485,7.125,76,0.102,0.042,1,3,3,0.08274883463842506,-0.22296219226578176,-0.5392085344599556,-0.09282535659228487,1.3254727386243341,-0.8755509848135512,-0.04461887785365439
Nicaragua,NIC,1985,1,comprehensive,national_security,IEEPA,4,0,0,0,4,-1.0,3.4008,0,0.87,2.984,6.585,40,0.362,0.455,1,4,4,-0.08936889129353474,-0.7826111710562287,1.7915414336757103,-0.5412217904463682,-1.6041353570727823,0.8300837413581614,-0.16010807163402793
Nicaragua,NIC,1986,1,comprehensive,national_security,IEEPA,0,0,0,0,0,-1.0,3.5366,0,0.88,2.97,6.634,41,0.365,0.455,0,0,0,0.10508690888583422,-0.7818945910577773,1.7697732551874523,-0.5005339658929417,-1.522757354414529,0.8497641420447581,0.18598000081647004
Nicaragua,NIC,1987,1,comprehensive,national_security,IEEPA,0,0,0,0,0,-1.0,3.8081,0,0.74,2.855,6.9,42,0.364,0.455,0,0,0,0.4938553164609346,-0.7919267110360951,1.5909632176053294,-0.279657204031486,-1.4413793517562759,0.8432040084825593,0.7857056433081867
Nicaragua,NIC,1988,1,comprehensive,national_security,IEEPA,0,0,0,0,0,-1.0,3.821,0,1.08,2.899,6.496,43,0.382,0.461,0,0,0,0.5123271855501385,-0.7675629910887518,1.6593774928541416,-0.6151241656556519,-1.3600013490980225,0.9612864126021395,0.8501442006792074
Nicaragua,NIC,1989,1,comprehensive,national_security,IEEPA,0,0,0,0,0,-1.0,3.8149,0,2.78,2.995,5.518,44,0.401,0.482,0,0,0,0.5035924257482669,-0.6457443913520349,1.8086450024879135,-1.427219929191381,-1.2786233464397694,1.0859289502839187,0.9108199241203686
Nicaragua,NIC,1990,1,comprehensive,national_security,IEEPA,0,0,0,0,0,6.0,3.8064,0,6.72,3.091,5.491,45,0.631,0.654,0,0,0,0.4914210391391015,-0.3634118719622319,1.9579125121216856,-1.4496397508840853,-1.197245343781516,2.5947596695896644,0.9621594012502874
Pakistan,PAK,2001,1,targeted,terrorism,IEEPA,0,117,0,5,122,-6.0,3.4313,0,1.86,1.948,6.413,56,0.203,0.0,2,55,117,-0.0456950922841773,-0.7116697512095522,0.18069622554458947,-0.6840443582665574,-0.3020873145407305,-0.21297749503146265,-0.008256930701662531
Pakistan,PAK,2002,1,targeted,terrorism,IEEPA,0,100,0,7,107,-5.0,3.2553,0,2.2,1.564,6.397,57,0.243,0.136,2,57,100,-0.2977143914857152,-0.6873060312622088,-0.41637381299049764,-0.6973301785289007,-0.22070931188247725,0.04942784745649302,0.12396047636505299
Pakistan,PAK,2003,1,targeted,terrorism,IEEPA,0,89,0,11,100,-5.0,3.0464,0,2.19,1.336,6.511,58,0.356,0.182,2,61,89,-0.5968441165039045,-0.6880226112606601,-0.7708841483707056,-0.6026687091597054,-0.13933130922422401,0.7907229399849681,0.4600976684611786
Pakistan,PAK,2004,1,targeted,terrorism,IEEPA,0,64,0,61,125,-5.0,3.1997,0,2.45,1.312,6.649,59,0.356,0.182,2,70,64,-0.37732957918801946,-0.6693915313009269,-0.8082010257791487,-0.4880785093969953,-0.05795330656597079,0.7907229399849681,0.3049581529565718
Pakistan,PAK,2005,1,targeted,terrorism,IEEPA,0,2,0,34,36,-5.0,3.2672,0,2.89,1.411,6.719,60,0.358,0.182,2,22,2,-0.2806744502328842,-0.6378620113690707,-0.6542689064693215,-0.42995304574924353,0.023424696092282447,0.8038432071093659,0.1836365656277471
Pakistan,PAK,2006,1,targeted,terrorism,IEEPA,0,0,0,23,23,-5.0,3.3121,0,2.74,1.64,6.803,61,0.355,0.182,1,20,0,-0.21638089037976424,-0.6486107113458399,-0.29820370119709516,-0.360202489371942,0.10480269875053569,0.7841628064227691,0.06452558237956862
Pakistan,PAK,2007,1,targeted,terrorism,IEEPA,0,0,0,13,13,2.0,3.2504,0,2.23,1.638,6.906,62,0.351,0.182,1,13,0,-0.30473083788394,-0.685156291266855,-0.3013134409811321,-0.2746750214331078,0.18618070140878892,0.7579222721739736,0.0918194973358735
Pakistan,PAK,2008,1,targeted,terrorism,IEEPA,0,800,0,30,830,5.0,3.145,0,2.3,1.711,6.973,63,0.416,0.312,2,70,800,-0.4556560318375884,-0.6801402312776962,-0.1878079388637845,-0.21904064908454546,0.2675587040670422,1.1843309537169018,0.08557582017026845
Pakistan,PAK,2009,1,targeted,terrorism,IEEPA,0,48,0,54,102,5.0,3.2394,0,1.84,1.291,6.871,64,0.451,0.333,2,68,48,-0.32048204408403635,-0.7131029112064547,-0.8408532935115364,-0.30373775325698293,0.3489367067252954,1.4139356283938633,0.2694783822793714
Pakistan,PAK,2010,1,targeted,terrorism,IEEPA,0,21,0,111,132,6.0,2.8881,0,2.28,1.304,6.895,65,0.466,0.343,2,41,21,-0.8235182930016519,-0.6815733912745987,-0.8206399849152963,-0.2838090228634689,0.43031470938354865,1.5123376318268469,0.6758120395463462
Pakistan,PAK,2011,1,targeted,terrorism,IEEPA,0,1,0,60,61,6.0,3.1447,0,2.62,1.474,7.032,66,0.466,0.343,2,21,1,-0.4560856101885004,-0.6572096713272553,-0.5563121032721589,-0.17004918686715476,0.5116927120418019,1.5123376318268469,0.2537259450761306
Pakistan,PAK,2012,1,targeted,terrorism,IEEPA,0,5,0,46,51,6.0,3.1136,0,2.56,1.356,7.094,67,0.466,0.343,2,25,5,-0.5006185658996812,-0.6615091513179628,-0.7397867505303365,-0.11856663335057459,0.5930707147000551,1.5123376318268469,0.3703509821220823
Pakistan,PAK,2013,1,targeted,terrorism,IEEPA,0,2086,0,29,2115,7.0,3.2161,0,2.15,1.309,7.111,68,0.47,0.344,2,70,2086,-0.3538459626715125,-0.6908889312544652,-0.8128656354552042,-0.10445044932183538,0.6744487173583084,1.5385781660756421,0.2876292233002375
Pakistan,PAK,2014,1,targeted,terrorism,IEEPA,0,48,0,27,75,7.0,2.9584,0,2.0,1.3,7.144,69,0.469,0.343,2,68,48,-0.7228537661046738,-0.7016376312312343,-0.8268594644833701,-0.07704844503075221,0.7558267200165616,1.5320180325134432,0.5976984779410979
Pakistan,PAK,2015,1,targeted,terrorism,IEEPA,0,65,0,15,80,7.0,3.393,0,1.23,1.22,7.23,70,0.441,0.337,2,65,65,-0.10053792841723933,-0.7568142911119826,-0.9512490558448468,-0.00563716112065722,0.8372047226748148,1.3483342927718742,0.0956366094834957
Pakistan,PAK,2016,1,targeted,terrorism,IEEPA,0,41,0,10,51,7.0,2.6541,0,0.97,1.276,7.262,71,0.429,0.337,2,51,41,-1.158589406712788,-0.7754453710717157,-0.8641763418918131,0.020934479404028483,0.9185827253330681,1.2696126900254874,1.0012255552476632
Pakistan,PAK,2017,1,targeted,terrorism,IEEPA,0,2,0,1,3,7.0,2.7675,0,1.11,1.339,7.326,72,0.419,0.337,2,3,2,-0.9962087900681605,-0.765413251093398,-0.7662195386946504,0.07407776045340136,0.9999607279913213,1.2040113544034985,0.7633146395695818
Pakistan,PAK,2018,1,targeted,terrorism,IEEPA,0,0,0,1,1,7.0,2.8073,0,1.24,1.573,7.358,73,0.395,0.318,1,1,0,-0.9392180621805399,-0.7560977111135313,-0.40237998396233166,0.1006494009780878,1.0813387306495745,1.0465681489107252,0.3779225487973379
Pakistan,PAK,2019,1,targeted,terrorism,IEEPA,0,1134,0,0,1134,7.0,3.1196,0,1.3,1.742,7.237,74,0.368,0.29,1,50,1134,-0.49202699888144663,-0.7517982311228236,-0.1396069722112125,0.00017538524411766165,1.1627167333078277,0.8694445427313549,0.0686903995600084
Pakistan,PAK,2020,1,targeted,terrorism,IEEPA,0,0,0,0,0,7.0,2.7729,0,1.12,1.616,7.153,75,0.377,0.317,0,0,0,-0.98847637975175,-0.7646966710949468,-0.3355205786055378,-0.06957517113318461,1.244094735966081,0.928485744791145,0.33165416687221444
Pakistan,PAK,2021,1,targeted,terrorism,IEEPA,0,0,0,0,0,7.0,2.7469,0,1.44,1.485,7.283,76,0.394,0.311,0,0,0,-1.0257065034974315,-0.7417661111445059,-0.5392085344599556,0.038372118498354604,1.3254727386243341,1.0400080153485263,0.5530697005368954
Panama,PAN,1988,1,comprehensive,narcotics,IEEPA,4,0,0,0,4,-8.0,2.9855,0,0.13,2.899,7.828,43,0.132,0.04,1,4,4,-0.6840485217389825,-0.835638090941623,1.6593774928541416,0.49092037118442006,-1.3600013490980225,-0.6787469779475842,-1.1350947209938145
Panama,PAN,1989,1,comprehensive,narcotics,IEEPA,0,0,0,7,7,8.0,3.0956,0,0.14,2.995,7.809,44,0.146,0.086,1,7,0,-0.5263932669543837,-0.8349215109431717,1.8086450024879135,0.4751434596228874,-1.2786233464397694,-0.5869051080767999,-0.9520585516203323
Panama,PAN,1990,1,comprehensive,narcotics,IEEPA,0,0,0,0,0,8.0,3.1751,0,0.27,3.091,7.871,45,0.476,0.326,0,0,0,-0.4125550039627799,-0.8256059709633052,1.9579125121216856,0.5266260131394676,-1.197245343781516,1.5779389674488353,-0.8077466041971383
Russia,RUS,2014,1,sectoral,national_security,IEEPA,13,0,0,1,14,4.0,2.5648,1,12.43,1.3,9.551,69,0.264,0.33,2,11,13,-1.2864605625008414,0.045755307153446875,-0.8268594644833701,1.9216371406855042,0.7558267200165616,0.18719065226266993,1.0637220917884207
Russia,RUS,2015,1,sectoral,national_security,IEEPA,1,1,0,0,2,4.0,2.4674,1,9.76,1.22,9.135,70,0.265,0.342,2,2,2,-1.4259303337635107,-0.1455715524330439,-0.9512490558448468,1.5762058138645805,0.8372047226748148,0.19375078582486885,1.3564148836930667
Russia,RUS,2016,1,sectoral,national_security,IEEPA,0,3,0,0,3,4.0,2.2799,1,8.19,1.276,9.067,71,0.263,0.334,1,3,3,-1.6944168030833315,-0.2580746121898943,-0.8641763418918131,1.519741077749622,0.9185827253330681,0.18063051870047103,1.464274914528574
Russia,RUS,2017,1,sectoral,national_security,IEEPA,0,1,1,0,2,4.0,2.2383,1,9.72,1.339,9.274,72,0.261,0.33,2,2,2,-1.7539850010764222,-0.14843787242684894,-0.7662195386946504,1.6916263773936866,0.9999607279913213,0.16751025157607324,1.3439375784021121
Russia,RUS,2018,1,sectoral,national_security,IEEPA,3,0,0,0,3,4.0,2.4472,1,14.47,1.573,9.325,73,0.264,0.349,1,3,3,-1.454855276058233,0.1919376268375073,-0.40237998396233166,1.7339749294799056,1.0813387306495745,0.18719065226266993,0.5854046426478253
Russia,RUS,2019,1,sectoral,national_security,IEEPA,0,0,0,0,0,4.0,2.7305,1,12.21,1.742,9.346,74,0.259,0.345,0,0,0,-1.0491901200139384,0.029990547187518878,-0.1396069722112125,1.7514125685742317,1.1627167333078277,0.15438998445167543,0.1464742559290646
Russia,RUS,2020,1,sectoral,national_security,IEEPA,0,0,0,0,0,4.0,2.5555,1,7.59,1.616,9.221,75,0.255,0.323,0,0,0,-1.2997774913791047,-0.30106941209697086,-0.3355205786055378,1.6476170977746754,1.244094735966081,0.12814945020287982,0.4361020959659716
Russia,RUS,2021,1,sectoral,national_security,IEEPA,4,0,2,0,6,4.0,2.5441,0,18.51,1.485,9.427,76,0.245,0.302,2,6,6,-1.31610146871375,0.48143594621182306,-0.5392085344599556,1.8186720336523439,1.3254727386243341,0.06254811458089082,0.7096531441457363
Sierra Leone,SLE,2001,1,targeted,human_rights,IEEPA,4,1668,0,0,1672,2.0,3.0582,0,8.05,1.948,5.881,56,0.232,0.0,2,54,1672,-0.579947368034711,-0.2681067321682121,0.18069622554458947,-1.1257978819894692,-0.3020873145407305,-0.022733621727694706,-0.10479430041839119
Sierra Leone,SLE,2002,1,targeted,human_rights,IEEPA,0,69,0,0,69,5.0,3.0488,0,8.44,1.564,5.964,57,0.43,0.371,1,50,69,-0.5934074896966112,-0.24016011222861242,-0.41637381299049764,-1.0568776893785636,-0.22070931188247725,1.2761728235876864,0.24707933914209743
Sierra Leone,SLE,2003,1,targeted,human_rights,IEEPA,0,63,0,0,63,5.0,3.375,0,12.88,1.336,6.025,58,0.56,0.563,1,50,63,-0.1263126294719418,0.07800140708375439,-0.7708841483707056,-1.0062254996283801,-0.13933130922422401,2.1289901866735432,0.09737240379894235
Sierra Leone,SLE,2004,1,targeted,human_rights,IEEPA,0,61,0,0,61,5.0,3.2018,0,11.1,1.312,6.035,59,0.557,0.563,1,50,61,-0.3743225307316375,-0.04954983264057289,-0.8082010257791487,-0.9979218619644158,-0.05795330656597079,2.1093097859869463,0.30252785330955634
Somalia,SOM,2013,1,targeted,terrorism,IEEPA,0,0,0,1,1,5.0,3.0136,1,17.81,1.309,5.975,68,0.162,0.0,1,1,0,-0.643811349536919,0.4312753463202335,-0.8128656354552042,-1.0477436879482032,0.6744487173583084,-0.4819429710816174,0.5233321217546002
Somalia,SOM,2014,1,targeted,terrorism,IEEPA,0,0,0,0,0,5.0,3.1365,1,18.29,1.3,6.062,69,0.162,0.0,0,0,0,-0.4678274184467539,0.46567118624589476,-0.8268594644833701,-0.9755020402717115,0.7558267200165616,-0.4819429710816174,0.38682752868752046
Somalia,SOM,2015,1,targeted,terrorism,IEEPA,0,0,0,5,5,5.0,2.9092,1,18.88,1.22,6.099,70,0.162,0.0,1,5,0,-0.7933046156541952,0.5079494061545201,-0.9512490558448468,-0.944778580915043,0.8372047226748148,-0.4819429710816174,0.7546302666384123
Somalia,SOM,2016,1,targeted,terrorism,IEEPA,0,0,0,5,5,5.0,3.0897,1,19.55,1.276,6.133,71,0.16,0.0,1,5,0,-0.5348416411889807,0.5559602660507558,-0.8641763418918131,-0.9165462128575638,0.9185827253330681,-0.49506323820601517,0.462197492974107
Somalia,SOM,2017,1,targeted,terrorism,IEEPA,0,0,0,5,5,5.0,2.8588,1,18.7,1.339,6.236,72,0.167,0.0,1,5,0,-0.8654737786073626,0.49505096618239713,-0.7662195386946504,-0.8310187449187296,0.9999607279913213,-0.4491423032706229,0.6631429193968494
Somalia,SOM,2018,1,targeted,terrorism,IEEPA,0,0,0,5,5,5.0,3.1307,1,11.74,1.573,6.233,73,0.154,0.0,1,5,0,-0.4761325998977134,-0.003688712739691157,-0.40237998396233166,-0.833509836217919,1.0813387306495745,-0.5344240395792086,0.1915862279107852
Somalia,SOM,2019,1,targeted,terrorism,IEEPA,0,0,0,8,8,5.0,3.2497,1,10.73,1.742,6.291,74,0.148,0.0,1,8,0,-0.30573318736940086,-0.07606329258327005,-0.1396069722112125,-0.7853487377669243,1.1627167333078277,-0.573784840952402,0.04268248459312537
Somalia,SOM,2020,1,targeted,terrorism,IEEPA,0,569,0,8,577,5.0,3.1747,1,11.46,1.616,6.25,75,0.154,0.0,2,58,569,-0.41312777509732873,-0.023752952696326848,-0.3355205786055378,-0.819393652189179,1.244094735966081,-0.5344240395792086,0.13861287013867424
Somalia,SOM,2021,1,targeted,terrorism,IEEPA,0,0,0,8,8,5.0,3.1612,1,11.24,1.485,6.308,76,0.161,0.0,1,8,0,-0.4324588008883559,-0.039517712662254977,-0.5392085344599556,-0.7712325537381851,1.3254727386243341,-0.4885031046438163,0.23318547624132016
South Sudan,SSD,2014,1,targeted,human_rights,IEEPA,4,0,0,0,4,0.0,2.2348,1,28.46,1.3,7.125,69,0.164,0.0,1,4,4,-1.758996748503726,1.194433044670843,-0.8268594644833701,-0.09282535659228487,0.7558267200165616,-0.4688227039572196,1.4544431094957802
South Sudan,SSD,2015,1,targeted,human_rights,IEEPA,0,6,0,0,6,0.0,2.1763,1,13.05,1.22,6.985,70,0.166,0.0,1,6,6,-1.8427645269315098,0.09018326705742609,-0.9512490558448468,-0.20907628388778768,0.8372047226748148,-0.4557024368328218,1.7529280163879744
Sudan,SDN,1997,1,comprehensive,terrorism,IEEPA,4,0,0,0,4,-7.0,4.626,1,0.26,2.844,5.922,52,0.151,0.055,1,4,4,1.665029093829902,-0.8263225509617564,1.5738596487931262,-1.091752967567215,-0.6275993251737434,-0.5541044402658053,2.6205221048454668
Sudan,SDN,1998,1,comprehensive,terrorism,IEEPA,0,0,0,0,0,-7.0,4.6408,1,0.26,2.661,5.86,53,0.151,0.055,0,0,0,1.686221625808212,-0.8263225509617564,1.289318458553749,-1.1432355210837946,-0.5462213225154902,-0.5541044402658053,2.1740766673670406
Sudan,SDN,1999,1,comprehensive,terrorism,IEEPA,0,0,0,0,0,-7.0,4.0948,1,2.11,2.386,5.783,54,0.149,0.055,0,0,0,0.9043890271488952,-0.6937552512482703,0.8617292382486736,-1.2071735310963212,-0.464843319857237,-0.5672247073902031,0.7793384674454765
Sudan,SDN,2000,1,comprehensive,terrorism,IEEPA,0,0,0,0,0,-7.0,4.0429,1,10.78,2.175,5.892,55,0.131,0.003,0,0,0,0.8300719724411691,-0.07248039259101374,0.5336516910327789,-1.116663880559108,-0.38346531719898375,-0.6853071115097831,0.44296931177214416
Sudan,SDN,2001,1,comprehensive,terrorism,IEEPA,0,0,0,0,0,-7.0,3.9576,1,6.91,1.948,6.112,56,0.172,0.053,0,0,0,0.7079285279986045,-0.34979685199165766,0.18069622554458947,-0.9339838519518892,-0.3020873145407305,-0.41634163545962855,0.12792001296468505
Sudan,SDN,2002,1,comprehensive,terrorism,IEEPA,0,3,0,0,3,-7.0,3.9741,1,7.22,1.564,6.227,57,0.173,0.053,1,3,3,0.731555337298749,-0.3275828720396681,-0.41637381299049764,-0.8384920188162972,-0.22070931188247725,-0.4097815018974297,-0.30460048520462973
Sudan,SDN,2003,1,comprehensive,terrorism,IEEPA,0,0,0,0,0,-7.0,4.1302,1,7.01,1.336,6.364,58,0.173,0.053,0,0,0,0.9550792725564775,-0.3426310520071449,-0.7708841483707056,-0.7247321828199839,-0.13933130922422401,-0.4097815018974297,-0.7362554716512132
Sudan,SDN,2004,1,comprehensive,terrorism,IEEPA,0,0,0,0,0,-7.0,3.995,1,10.14,1.312,6.558,59,0.179,0.061,0,0,0,0.7614826290789319,-0.11834151249189535,-0.8082010257791487,-0.5636416121390725,-0.05795330656597079,-0.37042070052423626,-0.6154310419345957
Sudan,SDN,2005,1,comprehensive,terrorism,IEEPA,0,0,0,0,0,-7.0,3.7095,1,12.48,1.411,6.809,60,0.198,0.062,0,0,0,0.3526672317946179,0.04933820714570331,-0.6542689064693215,-0.3552203067735631,0.023424696092282447,-0.24577816284245715,-0.23073920409382737
Sudan,SDN,2006,1,comprehensive,terrorism,IEEPA,3,3,0,0,6,-7.0,3.7954,1,12.54,1.64,7.032,61,0.199,0.062,2,6,6,0.47566983293900517,0.05363768713641088,-0.29820370119709516,-0.17004918686715476,0.10480269875053569,-0.23921802928025823,-0.14184650473021526
Sudan,SDN,2007,1,comprehensive,terrorism,IEEPA,0,0,0,0,0,-7.0,3.9877,1,13.68,1.638,7.275,62,0.198,0.064,0,0,0,0.7510295558734131,0.1353278069598564,-0.3013134409811321,0.031729208367182994,0.18618070140878892,-0.24577816284245715,-0.22629529975874954
Sudan,SDN,2008,1,comprehensive,terrorism,IEEPA,0,0,1,0,1,-7.0,4.0096,1,17.98,1.711,7.331,63,0.201,0.07,1,1,1,0.7823887754899682,0.44345720629390534,-0.1878079388637845,0.07822957928538427,0.2675587040670422,-0.22609776215586044,-0.14693882331493116
Sudan,SDN,2009,1,comprehensive,terrorism,IEEPA,0,0,1,0,1,-7.0,4.0465,1,9.84,1.291,7.072,64,0.202,0.07,1,1,1,0.8352269126521091,-0.1398389124454337,-0.8408532935115364,-0.1368346362112967,0.3489367067252954,-0.21953762859366155,-0.7023033003329983
Sudan,SDN,2010,1,comprehensive,terrorism,IEEPA,0,0,2,0,2,-7.0,3.7866,1,11.94,1.304,7.174,65,0.213,0.104,1,2,2,0.4630688679789284,0.010642887229334319,-0.8206399849152963,-0.05213753203885849,0.43031470938354865,-0.14737615940947382,-0.3800128288329711
Sudan,SDN,2011,1,comprehensive,terrorism,IEEPA,0,0,1,0,1,-4.0,3.6469,1,16.78,1.474,7.195,66,0.212,0.116,1,1,1,0.26302854923770747,0.3574676064797522,-0.5563121032721589,-0.03469989294453311,0.5116927120418019,-0.15393629297167272,-0.14632596544705365
Sudan,SDN,2012,1,comprehensive,terrorism,IEEPA,0,0,2,0,2,-4.0,3.6655,1,6.65,1.356,6.927,67,0.211,0.116,1,2,2,0.2896624069942339,-0.36842793195139084,-0.7397867505303365,-0.2572373823387824,0.5930707147000551,-0.1604964265338716,-0.21428841082106012
Sudan,SDN,2013,1,comprehensive,terrorism,IEEPA,0,0,1,0,1,-4.0,3.3786,1,7.52,1.309,7.038,68,0.212,0.123,1,1,1,-0.12115768926100119,-0.30608547208612985,-0.8128656354552042,-0.16506700426877585,0.6744487173583084,-0.15393629297167272,0.09848492207142791
Sudan,SDN,2014,1,comprehensive,terrorism,IEEPA,0,0,2,0,2,-4.0,3.7527,1,5.17,1.3,7.151,69,0.212,0.123,1,2,2,0.41452651432590476,-0.47448177172217976,-0.8268594644833701,-0.07123589866597733,0.7558267200165616,-0.15393629297167272,-0.34275517164967567
Sudan,SDN,2015,1,comprehensive,terrorism,IEEPA,0,0,3,0,3,-4.0,3.8314,1,2.98,1.22,7.164,70,0.22,0.168,1,3,3,0.5272192350484108,-0.6314127913830092,-0.9512490558448468,-0.06044116970282355,0.8372047226748148,-0.1014552244740815,-0.5015167995630432
Sudan,SDN,2016,1,comprehensive,terrorism,IEEPA,0,0,1,0,1,-4.0,4.1007,1,2.74,1.276,6.94,71,0.219,0.173,1,1,1,0.9128374013834917,-0.6486107113458399,-0.8641763418918131,-0.2464426533756279,0.9185827253330681,-0.10801535803628041,-0.7888524862696146
Sudan,SDN,2017,1,comprehensive,terrorism,IEEPA,3,0,8,0,11,-4.0,3.6984,1,2.48,1.339,6.874,72,0.226,0.186,2,11,11,0.33677283281088466,-0.667241791305573,-0.7662195386946504,-0.3012466619577942,0.9999607279913213,-0.062094423100888106,-0.2580419246012467
Sudan,SDN,2018,1,comprehensive,terrorism,IEEPA,0,0,3,0,3,-4.0,3.763,1,6.15,1.573,6.594,73,0.227,0.186,1,3,3,0.4292753710405402,-0.4042569318739546,-0.40237998396233166,-0.5337485165487998,1.0813387306495745,-0.055534289538689205,-0.17273181691471653
Sudan,SDN,2019,1,comprehensive,terrorism,IEEPA,0,0,6,0,6,-4.0,3.8496,0,8.26,1.742,6.565,74,0.193,0.051,1,6,6,0.5532803216703883,-0.25305855220073536,-0.1396069722112125,-0.5578290657742968,1.1627167333078277,-0.2785788306534516,-0.07724179049244861
Sudan,SDN,2020,1,comprehensive,terrorism,IEEPA,0,0,0,0,0,-4.0,3.6592,1,9.29,1.616,6.359,75,0.167,0.0,0,0,0,0.28064126162508735,-0.17925081236025395,-0.3355205786055378,-0.728884001651966,1.244094735966081,-0.4491423032706229,-0.09416091848103741
Sudan,SDN,2021,1,comprehensive,terrorism,IEEPA,0,42,0,0,42,-4.0,3.7954,1,12.75,1.485,6.568,76,0.163,0.0,1,42,42,0.47566983293900517,0.06868586710388774,-0.5392085344599556,-0.5553379744751081,1.3254727386243341,-0.4753828375194185,-0.2564852335058529
Syria,SYR,1979,1,comprehensive,terrorism,IEEPA,0,0,0,0,0,-9.0,3.2637,1,16.93,1.623,7.044,34,0.143,0.061,0,0,0,-0.28568619766018727,0.36821630645652126,-0.32463648936140876,-0.1600848216703977,-2.0924033730223015,-0.6065855087633965,0.09274416426741271
Syria,SYR,1980,1,comprehensive,terrorism,IEEPA,0,0,0,0,0,-9.0,3.6374,1,15.4,1.839,7.285,35,0.143,0.061,0,0,0,0.2494252347921698,0.258579566693476,0.011215407314577753,0.04003284603114732,-2.0110253703640484,-0.6065855087633965,0.0027974056027283744
Syria,SYR,1981,1,comprehensive,terrorism,IEEPA,0,0,0,0,0,-9.0,3.5896,1,10.93,2.144,7.424,36,0.143,0.061,0,0,0,0.1809790842135701,-0.06173169261424458,0.4854507243802072,0.15545340956025414,-1.9296473677057953,-0.6065855087633965,0.08785642752914412
Syria,SYR,1982,1,comprehensive,terrorism,IEEPA,0,0,0,0,0,-9.0,3.5112,1,8.1,2.543,7.44,37,0.143,0.062,0,0,0,0.06871594184197603,-0.2645238321759558,1.1058438112955713,0.16873922982259734,-1.848269365047542,-0.6065855087633965,0.07598909902329559
Syria,SYR,1983,1,comprehensive,terrorism,IEEPA,0,0,0,0,0,-9.0,3.7059,0,7.88,2.471,7.482,38,0.143,0.062,0,0,0,0.3475122915836779,-0.28028859214188384,0.9938931790702423,0.2036145080112481,-1.7668913623892888,-0.6065855087633965,0.34539009624808664
Syria,SYR,1984,1,comprehensive,terrorism,IEEPA,0,0,0,0,0,-9.0,3.6709,0,7.54,2.752,7.442,39,0.143,0.062,0,0,0,0.29739481731064454,-0.3046523120892272,1.4308116187274282,0.17039995735539007,-1.6855133597310354,-0.6065855087633965,0.4255159599573911
Syria,SYR,1985,1,comprehensive,terrorism,IEEPA,0,0,0,0,0,-9.0,3.9743,0,6.54,2.984,7.342,40,0.143,0.062,0,0,0,0.7318417228660234,-0.3763103119343549,1.7915414336757103,0.08736358071574458,-1.6041353570727823,-0.6065855087633965,1.3111247694070975
Syria,SYR,1986,1,comprehensive,terrorism,IEEPA,0,0,0,0,0,-9.0,3.9163,0,2.77,2.97,7.097,41,0.143,0.063,0,0,0,0.6487899083564259,-0.6464609713504861,1.7697732551874523,-0.11607554205138515,-1.522757354414529,-0.6065855087633965,1.1482110280447209
Syria,SYR,1987,1,comprehensive,terrorism,IEEPA,0,0,0,0,0,-9.0,4.3302,0,4.02,2.855,6.905,42,0.143,0.063,0,0,0,1.2414648398309518,-0.5568884715440765,1.5909632176053294,-0.2755053851995038,-1.4413793517562759,-0.6065855087633965,1.9751248961213361
Syria,SYR,1988,1,comprehensive,terrorism,IEEPA,0,0,0,0,0,-9.0,4.7498,0,7.53,2.899,6.8,43,0.143,0.063,0,0,0,1.842301759972801,-0.3053688920876785,1.6593774928541416,-0.36269358067113144,-1.3600013490980225,-0.6065855087633965,3.057074075544439
Syria,SYR,1989,1,comprehensive,terrorism,IEEPA,0,0,0,0,0,-9.0,4.4429,0,12.04,2.995,6.696,44,0.143,0.063,0,0,0,1.402843106990119,0.017808687213847058,1.8086450024879135,-0.44905141237636237,-1.2786233464397694,-0.6065855087633965,2.537245174732296
Syria,SYR,1990,1,comprehensive,terrorism,IEEPA,0,0,0,0,0,-9.0,4.0552,0,14.63,3.091,6.886,45,0.144,0.071,0,0,0,0.847684684828549,0.20340290681272774,1.9579125121216856,-0.29128229676103645,-1.197245343781516,-0.6000253752011976,1.6596924507597437
Syria,SYR,1991,1,comprehensive,terrorism,IEEPA,0,0,0,0,0,-9.0,3.8762,0,9.29,3.158,6.908,46,0.145,0.075,0,0,0,0.5913696021178932,-0.17925081236025395,2.0620887948869218,-0.27301429390031434,-1.115867341123263,-0.5934652416389987,1.2194566301640448
Syria,SYR,1992,1,comprehensive,terrorism,IEEPA,0,0,0,0,0,-9.0,3.7084,0,8.49,3.057,6.898,47,0.144,0.06,0,0,0,0.35109211117460876,-0.23657721223635597,1.9050469357930575,-0.2813179315642794,-1.0344893384650096,-0.6000253752011976,0.6688469505743039
Syria,SYR,1993,1,comprehensive,terrorism,IEEPA,0,0,0,0,0,-9.0,4.0158,0,7.55,2.897,6.901,48,0.144,0.06,0,0,0,0.7912667280754766,-0.30393573209077596,1.6562677530701044,-0.27882684026508997,-0.9531113358067564,-0.6000253752011976,1.310549565788703
Syria,SYR,1994,1,comprehensive,terrorism,IEEPA,0,0,0,0,0,-9.0,4.3074,0,6.08,2.785,6.569,49,0.144,0.064,0,0,0,1.2088168851616627,-0.4092729918631136,1.4821223251640379,-0.5545076107087114,-0.8717333331485031,-0.6000253752011976,1.7916144925333533
Syria,SYR,1995,1,comprehensive,terrorism,IEEPA,0,0,0,0,0,-9.0,4.6046,0,6.07,3.039,6.659,50,0.145,0.072,0,0,0,1.634385838131532,-0.40998957186156487,1.8770592777367257,-0.47977487173303096,-0.7903553304902499,-0.5934652416389987,3.067839100866306
Syria,SYR,1996,1,comprehensive,terrorism,IEEPA,0,0,0,1,1,-9.0,4.6508,0,6.03,2.986,6.822,51,0.145,0.072,1,1,0,1.7005409041719368,-0.41285589185536997,1.7946511734597477,-0.34442557781040933,-0.7089773278319966,-0.5934652416389987,3.0518777291884667
Syria,SYR,1997,1,comprehensive,terrorism,IEEPA,0,0,0,0,0,-9.0,4.9238,0,5.05,2.844,6.847,52,0.145,0.072,0,0,0,2.0914572035015953,-0.48308073170359506,1.5738596487931262,-0.32366648365049777,-0.6275993251737434,-0.5934652416389987,3.2916600997688747
Syria,SYR,1998,1,comprehensive,terrorism,IEEPA,0,0,0,0,0,-9.0,4.6796,0,3.11,2.661,6.868,53,0.144,0.071,0,0,0,1.7417804258594605,-0.6220972514031428,1.289318458553749,-0.3062288445561724,-0.5462213225154902,-0.6000253752011976,2.2457096538082117
Syria,SYR,1999,1,comprehensive,terrorism,IEEPA,0,0,0,0,0,-9.0,4.2982,0,4.49,2.386,6.886,54,0.144,0.062,0,0,0,1.1956431490670358,-0.5232092116168665,0.8617292382486736,-0.29128229676103645,-0.464843319857237,-0.6000253752011976,1.0303206600627821
Syria,SYR,2000,1,comprehensive,terrorism,IEEPA,0,0,0,0,0,-6.0,4.0372,0,6.46,2.175,7.037,55,0.15,0.061,0,0,0,0.8219099837738465,-0.3820429519219651,0.5336516910327789,-0.16589736803517258,-0.38346531719898375,-0.5606645738280042,0.438613652717637
Syria,SYR,2001,1,comprehensive,terrorism,IEEPA,0,0,0,0,0,-6.0,4.2058,0,5.23,1.948,7.079,56,0.152,0.061,0,0,0,1.0633330169862287,-0.4701822917314721,0.18069622554458947,-0.1310220898465218,-0.3020873145407305,-0.5475443067036064,0.19214026266635237
Syria,SYR,2002,1,comprehensive,terrorism,IEEPA,0,0,0,0,0,-6.0,3.7232,0,5.49,1.564,7.076,57,0.15,0.061,0,0,0,0.37228464315291954,-0.4515512117717389,-0.41637381299049764,-0.13351318114571126,-0.22070931188247725,-0.5606645738280042,-0.15500957638738785
Syria,SYR,2003,1,comprehensive,terrorism,IEEPA,0,0,0,0,0,-6.0,3.9789,0,5.81,1.336,7.107,58,0.15,0.06,0,0,0,0.7384285909133363,-0.4286206518212981,-0.7708841483707056,-0.10777190438742082,-0.13933130922422401,-0.5606645738280042,-0.5692428954388075
Syria,SYR,2004,1,comprehensive,terrorism,IEEPA,3,0,0,3,6,-6.0,3.8006,0,4.84,1.312,7.221,59,0.149,0.058,2,6,3,0.483115857688142,-0.4981289116710719,-0.8082010257791487,-0.013110435018225558,-0.05795330656597079,-0.5672247073902031,-0.3904547317537296
Syria,SYR,2005,1,comprehensive,terrorism,IEEPA,0,0,0,3,3,-6.0,3.3978,0,5.53,1.411,7.336,60,0.148,0.06,1,3,0,-0.09366467480265141,-0.4486848917779338,-0.6542689064693215,0.08238139811736643,0.023424696092282447,-0.573784840952402,0.06128188435793534
Syria,SYR,2006,1,comprehensive,terrorism,IEEPA,0,1,0,0,1,-6.0,3.7864,0,5.41,1.64,7.449,61,0.148,0.06,1,1,1,0.46278248241165393,-0.4572838517593491,-0.29820370119709516,0.17621250372016495,0.10480269875053569,-0.573784840952402,-0.1380034491043348
Syria,SYR,2007,1,comprehensive,terrorism,IEEPA,0,0,0,0,0,-6.0,4.0061,0,4.81,1.638,7.569,62,0.145,0.04,0,0,0,0.7773770280626651,-0.5002786516664257,-0.3013134409811321,0.2758561556877391,0.18618070140878892,-0.5934652416389987,-0.23423414726524772
Syria,SYR,2008,1,comprehensive,terrorism,IEEPA,0,0,0,0,0,-6.0,4.0654,0,5.64,1.711,7.795,63,0.144,0.034,0,0,0,0.8622903487595476,-0.44080251179496976,-0.1878079388637845,0.4635183668933369,0.2675587040670422,-0.6000253752011976,-0.16194497310266454
Syria,SYR,2009,1,comprehensive,terrorism,IEEPA,0,0,0,0,0,-6.0,4.1823,0,3.3,1.291,7.809,64,0.144,0.034,0,0,0,1.0296827128314774,-0.6084822314325685,-0.8408532935115364,0.4751434596228874,0.3489367067252954,-0.6000253752011976,-0.8658121003562412
Syria,SYR,2010,1,comprehensive,terrorism,IEEPA,0,0,0,0,0,-6.0,3.8914,0,4.11,1.304,7.912,65,0.144,0.033,0,0,0,0.6131349052307534,-0.550439251558015,-0.8206399849152963,0.5606709275617217,0.43031470938354865,-0.6000253752011976,-0.5031630193796072
Syria,SYR,2011,1,comprehensive,terrorism,IEEPA,3,0,0,1,4,-6.0,4.2165,1,20.35,1.474,7.99,66,0.144,0.033,2,4,3,1.078654644835413,0.6132866659268579,-0.5563121032721589,0.625439301340645,0.5116927120418019,-0.6000253752011976,-0.6000686341726721
Syria,SYR,2012,1,comprehensive,terrorism,IEEPA,0,0,0,3,3,-9.0,4.0352,1,15.24,1.356,7.548,67,0.144,0.03,1,3,0,0.8190461281011008,0.24711428671825558,-0.7397867505303365,0.2584185165934137,0.5930707147000551,-0.6000253752011976,-0.6059194736423671
Syria,SYR,2013,1,comprehensive,terrorism,IEEPA,0,0,1,3,4,-9.0,4.2781,1,10.47,1.309,6.894,68,0.136,0.0,2,4,1,1.166861399555952,-0.09469437254300322,-0.8128656354552042,-0.2846393866298648,0.6744487173583084,-0.6525064436987886,-0.9485015330381978
Syria,SYR,2014,1,comprehensive,terrorism,IEEPA,0,4,0,16,20,-9.0,4.296,1,5.74,1.3,6.967,69,0.137,0.0,2,20,4,1.1924929078270174,-0.433636711810457,-0.8268594644833701,-0.22402283168292436,0.7558267200165616,-0.6459463101365898,-0.9860240471660645
Syria,SYR,2015,1,comprehensive,terrorism,IEEPA,0,10,0,5,15,-9.0,4.1178,1,3.61,1.22,6.743,70,0.136,0.0,2,15,10,0.9373233673854595,-0.5862682514805789,-0.9512490558448468,-0.4100243153557287,0.8372047226748148,-0.6525064436987886,-0.8916279682467307
Syria,SYR,2016,1,comprehensive,terrorism,IEEPA,0,4,0,0,4,-9.0,3.9774,1,3.17,1.276,6.487,71,0.136,0.0,1,4,4,0.7362806991587777,-0.617797771412435,-0.8641763418918131,-0.6225974395532202,0.9185827253330681,-0.6525064436987886,-0.6362763612045791
Syria,SYR,2017,1,comprehensive,terrorism,IEEPA,0,7,1,3,11,-9.0,4.4312,1,3.11,1.339,6.747,72,0.137,0.0,3,11,8,1.386089551304562,-0.6220972514031428,-0.7662195386946504,-0.40670286029014324,0.9999607279913213,-0.6459463101365898,-1.0620488965900565
Syria,SYR,2018,1,comprehensive,terrorism,IEEPA,0,1,0,0,1,-9.0,4.348,1,3.35,1.573,7.001,73,0.135,0.0,1,1,1,1.2669531553183806,-0.604899331440312,-0.40237998396233166,-0.19579046362544447,1.0813387306495745,-0.6590665772609875,-0.5097965903180355
Syria,SYR,2019,1,comprehensive,terrorism,IEEPA,3,0,6,0,9,-9.0,4.4687,1,3.77,1.742,7.012,74,0.136,0.0,2,9,9,1.4397868451685267,-0.5748029715053584,-0.1396069722112125,-0.18665646219508414,1.1627167333078277,-0.6525064436987886,-0.20100428208351181
Syria,SYR,2020,1,comprehensive,terrorism,IEEPA,0,0,0,0,0,-9.0,4.4095,1,6.37,1.616,6.35,75,0.138,0.0,0,0,0,1.3550167172552825,-0.3884921719080266,-0.3355205786055378,-0.7363572755495343,1.244094735966081,-0.6393861765743908,-0.4546359929936688
Vietnam,VNM,1985,1,comprehensive,national_security,TWEA,0,0,0,0,0,-7.0,4.0522,0,2.17,2.984,5.475,40,0.144,0.529,0,0,0,0.8433889013194317,-0.6894557712575626,1.7915414336757103,-1.4629255711464284,-1.6041353570727823,-0.6000253752011976,1.5109661614159968
Vietnam,VNM,1986,1,comprehensive,national_security,TWEA,0,0,0,0,0,-7.0,4.2869,1,1.47,2.97,6.079,41,0.154,0.529,0,0,0,1.1794623645160287,-0.7396163711491519,1.7697732551874523,-0.9613858562429723,-1.522757354414529,-0.5344240395792086,2.0873809482206216
Vietnam,VNM,1987,1,comprehensive,national_security,TWEA,0,0,0,0,0,-7.0,4.2405,1,1.16,2.855,6.389,42,0.163,0.527,0,0,0,1.1130209129083501,-0.7618303511011415,1.5909632176053294,-0.7039730886600722,-1.4413793517562759,-0.4753828375194185,1.7707753328626898
Vietnam,VNM,1988,1,comprehensive,national_security,TWEA,0,0,0,0,0,-7.0,4.1979,1,1.76,2.899,6.003,43,0.165,0.526,0,0,0,1.0520207870788867,-0.718835551194065,1.6593774928541416,-1.0244935024891022,-1.3600013490980225,-0.46226257039502067,1.7456996160934037
Vietnam,VNM,1989,1,comprehensive,national_security,TWEA,0,0,0,0,0,-7.0,4.1469,0,9.25,2.995,4.586,44,0.161,0.526,0,0,0,0.9789924674238951,-0.182117132354059,1.8086450024879135,-2.2011189594728724,-1.2786233464397694,-0.4885031046438163,1.7706498336795393
Vietnam,VNM,1990,1,comprehensive,national_security,TWEA,0,0,0,0,0,-7.0,3.7234,0,12.33,3.091,4.593,45,0.154,0.542,0,0,0,0.372571028720194,0.03858950716893414,1.9579125121216856,-2.1953064131080975,-1.197245343781516,-0.5344240395792086,0.7294614787853156
Vietnam,VNM,1991,1,comprehensive,national_security,TWEA,0,0,0,0,0,-7.0,3.7796,0,8.02,3.158,4.968,46,0.155,0.542,0,0,0,0.4530453731243216,-0.270256472163566,2.0620887948869218,-1.8839200007094286,-1.115867341123263,-0.5278639060170097,0.9342197874950281
Vietnam,VNM,1992,1,comprehensive,national_security,TWEA,0,0,0,0,0,-7.0,3.9179,0,10.26,3.057,4.974,47,0.153,0.525,0,0,0,0.6510809928946214,-0.1097425525104801,1.9050469357930575,-1.8789378181110497,-1.0344893384650096,-0.5409841731414075,1.240339850467
Vietnam,VNM,1993,1,comprehensive,national_security,TWEA,0,9,0,0,9,-7.0,4.1468,0,7.69,2.897,5.244,48,0.15,0.504,1,9,9,0.9788492746402583,-0.2939036121124581,1.6562677530701044,-1.6547396011840085,-0.9531113358067564,-0.5606645738280042,1.6212364887027222
Vietnam,VNM,1994,1,comprehensive,national_security,TWEA,0,41,0,0,41,-7.0,4.5145,0,6.74,2.785,5.437,49,0.15,0.504,1,41,41,1.5053691400743814,-0.3619787119653293,1.4821223251640379,-1.4944793942694932,-0.8717333331485031,-0.5606645738280042,2.2311412101172303
Yemen,YEM,2012,1,targeted,terrorism,IEEPA,4,0,0,5,9,3.0,3.3795,1,18.85,1.356,7.127,67,0.357,0.336,2,9,4,-0.11986895420826588,0.5057996661591664,-0.7397867505303365,-0.09116462905949216,0.5930707147000551,0.797283073547167,0.08867746412320271
Yemen,YEM,2013,1,targeted,terrorism,IEEPA,0,0,0,3,3,3.0,3.4142,1,13.59,1.309,7.229,68,0.336,0.335,1,3,0,-0.07018105828614447,0.12887858697379495,-0.8128656354552042,-0.006467524887053948,0.6744487173583084,0.6595202687409905,0.05704777054068555
Yemen,YEM,2014,1,targeted,terrorism,IEEPA,0,74,0,5,79,0.0,3.4531,1,10.97,1.3,7.266,69,0.3,0.306,2,55,74,-0.01447906545125911,-0.05886537262043941,-0.8268594644833701,0.024255934469614656,0.7558267200165616,0.42335546050183,0.011972152305247773
Yemen,YEM,2015,1,targeted,terrorism,IEEPA,0,24,0,0,24,0.0,3.4593,1,2.07,1.22,7.217,70,0.184,0.029,1,24,24,-0.005601112865750715,-0.6966215712420754,-0.9512490558448468,-0.016431890083811733,0.8372047226748148,-0.33762003271324176,0.005328053325225792
Yemen,YEM,2016,1,targeted,terrorism,IEEPA,0,0,0,0,0,0.0,3.3092,1,0.77,1.276,6.883,71,0.113,0.0,0,0,0,-0.220533481105244,-0.7897769710407414,-0.8641763418918131,-0.2937733880602259,0.9185827253330681,-0.8033895156293632,0.19057981696619705
Yemen,YEM,2017,1,targeted,terrorism,IEEPA,0,1,0,0,1,0.0,3.1376,1,2.0,1.339,6.698,72,0.112,0.0,1,1,1,-0.4662522978267441,-0.7016376312312343,-0.7662195386946504,-0.4473906848435689,0.9999607279913213,-0.8099496491915622,0.35725162055612864
Yemen,YEM,2018,1,targeted,terrorism,IEEPA,0,0,0,0,0,0.0,3.1149,1,4.88,1.573,6.452,73,0.113,0.0,0,0,0,-0.498757059712397,-0.4952625916772668,-0.40237998396233166,-0.6516601713770961,1.0813387306495745,-0.8033895156293632,0.200689857688174
Zimbabwe,ZWE,2003,1,targeted,democracy,IEEPA,4,0,0,0,4,-4.0,3.5651,0,6.98,1.336,6.149,58,0.269,0.089,1,4,4,0.14589685222244722,-0.34478079200249867,-0.7708841483707056,-0.9032603925952205,-0.13933130922422401,0.21999132007366443,-0.11246957067546792
Zimbabwe,ZWE,2004,1,targeted,democracy,IEEPA,0,0,0,0,0,-4.0,3.6043,0,8.44,1.312,6.152,59,0.259,0.089,0,0,0,0.20202842340824392,-0.24016011222861242,-0.8082010257791487,-0.900769301296031,-0.05795330656597079,0.15438998445167543,-0.1632795790350869
Zimbabwe,ZWE,2005,1,targeted,democracy,IEEPA,0,0,0,0,0,-4.0,3.8214,0,8.56,1.411,6.134,60,0.258,0.086,0,0,0,0.5128999566846874,-0.23156115224719703,-0.6542689064693215,-0.915715849091167,0.023424696092282447,0.14782985088947653,-0.3355744937882527
Zimbabwe,ZWE,2006,1,targeted,democracy,IEEPA,0,0,0,0,0,-4.0,3.7307,0,11.48,1.64,6.066,61,0.255,0.093,0,0,0,0.3830241019257128,-0.022319792699424326,-0.29820370119709516,-0.972180585206126,0.10480269875053569,0.12814945020287982,-0.11421920484194098
Zimbabwe,ZWE,2007,1,targeted,democracy,IEEPA,0,0,0,0,0,-4.0,3.8113,0,15.56,1.638,6.025,62,0.255,0.093,0,0,0,0.4984374855373263,0.27004484666869644,-0.3013134409811321,-1.0062254996283801,0.18618070140878892,0.12814945020287982,-0.15018591388123506
Zimbabwe,ZWE,2008,1,targeted,democracy,IEEPA,0,0,0,0,0,-4.0,3.9796,0,18.32,1.711,5.832,63,0.251,0.064,0,0,0,0.7394309403987972,0.4678209262412487,-0.1878079388637845,-1.1664857065428955,0.2675587040670422,0.10190891595408423,-0.13887100084840798
Zimbabwe,ZWE,2009,1,targeted,democracy,IEEPA,0,0,0,0,0,1.0,3.8383,0,6.76,1.291,6.601,64,0.254,0.056,0,0,0,0.5370995371193801,-0.3605455519684268,-0.8408532935115364,-0.5279359701840249,0.3489367067252954,0.12158931664068093,-0.4516219147303524
Zimbabwe,ZWE,2010,1,targeted,democracy,IEEPA,0,0,0,0,0,1.0,3.5588,0,7.1,1.304,6.805,65,0.265,0.062,0,0,0,0.1368757068533013,-0.3361818320210834,-0.8206399849152963,-0.35854176183914926,0.43031470938354865,0.19375078582486885,-0.1123256780073637
Zimbabwe,ZWE,2011,1,targeted,democracy,IEEPA,0,0,0,0,0,1.0,3.6339,0,7.88,1.474,6.945,66,0.266,0.062,0,0,0,0.2444134873648667,-0.28028859214188384,-0.5563121032721589,-0.24229083454364572,0.5116927120418019,0.20031091938706774,-0.13597018122403223
Zimbabwe,ZWE,2012,1,targeted,democracy,IEEPA,0,0,0,0,0,1.0,3.5995,0,5.97,1.356,7.122,67,0.266,0.062,0,0,0,0.19515516979365666,-0.41715537184607765,-0.7397867505303365,-0.09531644789147432,0.5930707147000551,0.20031091938706774,-0.14437320891084535
Zimbabwe,ZWE,2013,1,targeted,democracy,IEEPA,0,0,0,0,0,4.0,3.7961,0,5.04,1.309,7.217,68,0.289,0.136,0,0,0,0.4766721824244661,-0.4837973117020463,-0.8128656354552042,-0.016431890083811733,0.6744487173583084,0.35119399131764206,-0.3874704364702826
Zimbabwe,ZWE,2014,1,targeted,democracy,IEEPA,0,0,0,0,0,4.0,4.1681,0,5.62,1.3,7.225,69,0.303,0.194,0,0,0,1.00934933755499,-0.4422356717918723,-0.8268594644833701,-0.009788979952640123,0.7558267200165616,0.4430358611884267,-0.8345900527273634
Zimbabwe,ZWE,2015,1,targeted,democracy,IEEPA,0,0,0,0,0,4.0,4.1105,0,4.61,1.22,7.235,70,0.302,0.194,0,0,0,0.9268702941799413,-0.5146102516354512,-0.9512490558448468,-0.0014853422886750565,0.8372047226748148,0.43647572762622777,-0.8816844922293045
Zimbabwe,ZWE,2016,1,targeted,democracy,IEEPA,0,0,0,0,0,4.0,4.0209,0,4.5,1.276,7.25,71,0.297,0.19,0,0,0,0.7985695600409765,-0.5224926316184153,-0.8641763418918131,0.010970114207271436,0.9185827253330681,0.4036750598152333,-0.6901049211423657
Zimbabwe,ZWE,2017,1,targeted,democracy,IEEPA,0,0,0,0,0,4.0,4.0761,0,6.1,1.339,8.145,72,0.3,0.188,0,0,0,0.8776119766087319,-0.4078398318662111,-0.7662195386946504,0.7541456851320942,0.9999607279913213,0.42335546050183,-0.672443443870043
Zimbabwe,ZWE,2018,1,targeted,democracy,IEEPA,0,0,0,0,0,4.0,4.397,0,3.38,1.573,7.728,73,0.313,0.185,0,0,0,1.3371176193006276,-0.6027495914449582,-0.40237998396233166,0.4078839945447746,1.0813387306495745,0.5086371968104157,-0.5380293662099376
Zimbabwe,ZWE,2019,1,targeted,democracy,IEEPA,0,0,0,0,0,4.0,4.1348,0,4.72,1.742,7.689,74,0.304,0.175,0,0,0,0.9616661406037904,-0.5067278716524872,-0.1396069722112125,0.37549980765531327,1.1627167333078277,0.4495959947506256,-0.13425529816773732
Zimbabwe,ZWE,2020,1,targeted,democracy,IEEPA,0,0,0,0,0,4.0,3.1129,0,4.75,1.616,7.63,75,0.299,0.189,0,0,0,-0.5016209153851421,-0.5045781316571334,-0.3355205786055378,0.32650834543792256,1.244094735966081,0.4167953269396311,0.1683041397706624
Zimbabwe,ZWE,2021,1,targeted,democracy,IEEPA,0,0,0,0,0,4.0,3.0765,0,6.4,1.485,7.868,76,0.297,0.191,0,0,0,-0.5537430886290966,-0.3863424319126727,-0.5392085344599556,0.5241349218402781,1.3254727386243341,0.4036750598152333,0.29858299928702453
