country,iso3,year,under_sanctions,scope,stated_justification,legal_authority,layer1_ofac_events,layer2_multilateral,layer3_agency_actions,layer4_kinetic,eiii_score,polity,friction,degradation,resource_density,fiscal_pressure,gdp_pc_log,trend,vdem_electoral,vdem_elections,eiii_equal,eiii_rawcount,eiii_financial,friction_z,resource_density_z,fiscal_pressure_z,gdp_pc_log_z,trend_z,regime_z,fric_x_fiscal
Afghanistan,AFG,2002,1,targeted,terrorism,IEEPA,0,3,0,69,72,-7,3.4355,0,1.28,1.564,5.187,57,0.218,0,2,23,3,-0.0396809953714127,-0.7532313911197264,-0.41637381299049764,-1.7020703358686058,-0.22070931188247725,-0.1145754915984793,0.016522127346053395
Afghanistan,AFG,2003,1,targeted,terrorism,IEEPA,0,0,0,11,11,-7,3.2829,0,0.73,1.336,5.293,58,0.224,0,1,11,0,-0.25819318320183743,-0.7926432910345466,-0.7708841483707056,-1.614051776630582,-0.13933130922422401,-0.0752146902252859,0.19903703214767002
Afghanistan,AFG,2004,1,targeted,terrorism,IEEPA,0,3,0,10,13,-7,3.5228,0,0.46,1.312,5.402,59,0.235,0.051,2,13,3,0.08532630474389567,-0.811990950992731,-0.8082010257791487,-1.523542126093369,-0.05795330656597079,-0.003053221041098184,-0.06896080701996073
Afghanistan,AFG,2005,1,targeted,terrorism,IEEPA,0,0,0,9,9,-7,3.3673,0,0.39,1.411,5.538,60,0.311,0.209,1,9,0,-0.13733847381200884,-0.8170070109818899,-0.6542689064693215,-1.4106126538634516,0.023424696092282447,0.4955169296860178,0.08985629307714857
Afghanistan,AFG,2006,1,targeted,terrorism,IEEPA,0,1027,0,11,1038,-7,3.4996,0,0.5,1.64,5.614,61,0.364,0.211,2,61,1027,0.05210557894005638,-0.809124630998926,-0.29820370119709516,-1.3475050076173216,0.10480269875053569,0.8432040084825592,-0.015538076492942227
Afghanistan,AFG,2007,1,targeted,terrorism,IEEPA,0,51,0,21,72,-7,3.1352,0,0.45,1.638,5.93,62,0.364,0.211,2,70,51,-0.4696889246340374,-0.8127075309911823,-0.3013134409811321,-1.0851100574360435,0.18618070140878892,0.8432040084825592,0.14152358607220944
Afghanistan,AFG,2008,1,targeted,terrorism,IEEPA,0,52,0,22,74,-7,3.1301,0,0.6,1.711,5.945,63,0.368,0.211,2,70,52,-0.47699175659953663,-0.8019588310144132,-0.1878079388637845,-1.0726546009400961,0.2675587040670422,0.8694445427313547,0.08958283866197495
Afghanistan,AFG,2009,1,targeted,terrorism,IEEPA,0,54,0,8,62,-7,3.1223,0,0.42,1.291,6.114,64,0.361,0.189,2,58,54,-0.4881607937232412,-0.8148572709865362,-0.8408532935115364,-0.9323231244190965,0.3489367067252954,0.8235236077959625,0.4104716111653931
Afghanistan,AFG,2010,1,targeted,terrorism,IEEPA,0,19,0,7,26,-7,3.0221,0,0.63,1.304,6.329,65,0.347,0.152,2,26,19,-0.6316399629277535,-0.7998090910190593,-0.8206399849152963,-0.7537949146438597,0.43031470938354865,0.7316817379251779,0.5183490096489299
Afghanistan,AFG,2011,1,targeted,terrorism,IEEPA,0,194,0,13,207,-7,3.0122,0,0.84,1.474,6.408,66,0.346,0.155,2,63,194,-0.64581604850784,-0.7847609110515825,-0.5563121032721589,-0.6881961770985396,0.5116927120418019,0.7251216043629789,0.35927528427231104
Afghanistan,AFG,2012,1,targeted,terrorism,IEEPA,0,80,0,13,93,-7,3.0095,0,0.68,1.356,6.479,67,0.35,0.153,2,63,80,-0.6496822536660453,-0.796226191026803,-0.7397867505303365,-0.6292403496843918,0.5930707147000551,0.7513621386117745,0.4806263233168294
Afghanistan,AFG,2013,1,targeted,terrorism,IEEPA,0,28,0,12,40,-7,3.0611,0,0.6,1.309,6.457,68,0.345,0.16,2,40,28,-0.5757947773092306,-0.8019588310144132,-0.8128656354552042,-0.647508352545114,0.6744487173583084,0.71856147080078,0.46804378754925546
Afghanistan,AFG,2014,1,targeted,terrorism,IEEPA,0,5,0,10,15,-1,3.2212,0,0.54,1.3,6.438,69,0.35,0.181,2,15,5,-0.3465431307060132,-0.8062583110051209,-0.8268594644833701,-0.6632852641066466,0.7558267200165616,0.7513621386117745,0.2865424674759646
Afghanistan,AFG,2015,1,targeted,terrorism,IEEPA,0,4,0,14,18,-1,3.2561,0,0.47,1.22,6.338,70,0.348,0.188,2,18,4,-0.29656884921661736,-0.8112743709942797,-0.9512490558448468,-0.7463216407462914,0.8372047226748148,0.7382418714873767,0.2821108378103
Afghanistan,AFG,2016,1,targeted,terrorism,IEEPA,0,1209,0,23,1232,-1,3.1878,0,0.62,1.276,6.258,71,0.34,0.172,2,70,1209,-0.3943695204408504,-0.8005256710175107,-0.8641763418918131,-0.8127507420580075,0.9185827253330681,0.6857608029897859,0.3408048095282027
Afghanistan,AFG,2017,1,targeted,terrorism,IEEPA,0,64,0,24,88,-1,3.2404,0,0.7,1.339,6.264,72,0.334,0.155,2,70,64,-0.31905011624766344,-0.7947930310299005,-0.7662195386946504,-0.8077685594596286,0.9999607279913213,0.6464000016165925,0.24446243289175928
Afghanistan,AFG,2018,1,targeted,terrorism,IEEPA,0,64,0,17,81,-1,3.3177,0,0.86,1.573,6.197,73,0.33,0.151,2,67,64,-0.20836209449607915,-0.78332775105468,-0.40237998396233166,-0.8634029318081909,1.0813387306495745,0.6201594673677969,0.08384073624169017
Afghanistan,AFG,2019,1,targeted,terrorism,IEEPA,0,48,0,18,66,-1,3.4628,0,0.68,1.742,6.208,74,0.329,0.134,2,66,48,-5.893654384469949e-4,-0.796226191026803,-0.1396069722112125,-0.8542689303778298,1.1627167333078277,0.6135993338055981,8.227952438751868e-5
Afghanistan,AFG,2020,1,targeted,terrorism,IEEPA,0,349,0,11,360,-1,3.0695,0,0.31,1.616,6.236,75,0.336,0.174,2,61,349,-0.5637665834837027,-0.8227396509695002,-0.3355205786055378,-0.8310187449187296,1.244094735966081,0.6595202687409903,0.18915529028891914
Afghanistan,AFG,2021,1,targeted,terrorism,IEEPA,0,1,0,8,9,-1,3.0779,0,0.43,1.485,5.876,76,0.144,0.067,2,9,1,-0.5517383896581747,-0.8141406909880848,-0.5392085344599556,-1.1299497008214512,1.3254727386243341,-0.6000253752011975,0.2975020484928803
Angola,AGO,1993,1,targeted,democracy,IEEPA,4,0,0,0,4,-1,3.7239,1,36.66,2.897,6.109,48,0.155,0,1,4,4,0.37328699263838033,1.7820286434008892,1.6562677530701044,-0.9364749432510786,-0.9531113358067564,-0.5278639060170096,0.6182632085474669
Angola,AGO,1994,1,targeted,democracy,IEEPA,0,0,0,0,0,-2,3.5667,1,43.64,2.785,5.814,49,0.155,0,0,0,0,0.14818793676064276,2.28220148231988,1.4821223251640379,-1.1814322543380313,-0.8717333331485031,-0.5278639060170096,0.21963264939294525
Angola,AGO,1995,1,targeted,democracy,IEEPA,0,0,0,0,0,-3,3.5654,1,44.21,3.039,6.002,50,0.155,0,0,0,0,0.14632643057335856,2.323046542231603,1.8770592777367257,-1.0253238662554989,-0.7903553304902499,-0.5278639060170096,0.2746633840858215
Angola,AGO,1996,1,targeted,democracy,IEEPA,0,0,0,0,0,-4,3.7511,1,41.36,2.986,6.275,51,0.155,0,0,0,0,0.41223542978770916,2.1188212426729893,1.7946511734597477,-0.7986345580292675,-0.7089773278319966,-0.5278639060170096,0.7398187978101957
Angola,AGO,1997,1,targeted,democracy,IEEPA,0,0,0,0,0,-6,3.6722,1,39.45,2.844,6.257,52,0.155,0,0,0,0,0.2992563234979287,1.9819544629687957,1.5738596487931262,-0.8135811058244042,-0.6275993251737434,-0.5278639060170096,0.4709874521995722
Angola,AGO,1998,1,targeted,democracy,IEEPA,0,0,0,0,0,-6,3.6032,1,24.27,2.661,6.062,53,0.155,0,0,0,0,0.20045330278823478,0.894186025319758,1.289318458553749,-0.9755020402717115,-0.5462213225154902,-0.5278639060170096,0.25844814336293476
Angola,AGO,1999,1,targeted,democracy,IEEPA,0,0,0,0,0,-6,3.4879,1,40.8,2.386,5.973,54,0.155,0,0,0,0,0.035352023254499196,2.078692762759718,0.8617292382486736,-1.049404415480996,-0.464843319857237,-0.5278639060170096,0.030463872069648987
Angola,AGO,2000,1,targeted,democracy,IEEPA,0,0,0,0,0,-6,3.3234,1,59.14,2.175,6.335,55,0.155,0,0,0,0,-0.20020010582875655,3.392900479919359,0.5336516910327789,-0.7488127320454808,-0.38346531719898375,-0.5278639060170096,-0.10683712502045722
Angola,AGO,2001,1,targeted,democracy,IEEPA,0,0,0,0,0,-6,2.8758,1,44.22,1.948,6.28,56,0.155,0,0,0,0,-0.8411310053890323,2.3237631222300545,0.18069622554458947,-0.7944827391972853,-0.3020873145407305,-0.5278639060170096,-0.15198919786232387
Angola,AGO,2002,1,targeted,democracy,IEEPA,0,0,0,0,0,-2,2.8231,1,32.88,1.564,6.907,57,0.159,0,0,0,0,-0.9165936023658562,1.511161403986307,-0.41637381299049764,-0.27384465766671107,-0.22070931188247725,-0.501623371768214,0.38164557317976755
Angola,AGO,2003,1,targeted,democracy,IEEPA,0,0,0,0,0,-2,3.3733,1,28.41,1.336,7.033,58,0.166,0,0,0,0,-0.12874690679377487,1.1908501446785864,-0.7708841483707056,-0.16921882310075803,-0.13933130922422401,-0.4557024368328217,0.09924894959908176
Belarus,BLR,2006,1,targeted,democracy,IEEPA,4,0,0,0,4,-7,2.9501,0,1.68,1.64,8.255,61,0.225,0.172,1,4,4,-0.7347387671465646,-0.7245681911816754,-0.29820370119709516,0.8454856994357048,0.10480269875053569,-0.068654556663087,0.21910181977609622
Belarus,BLR,2007,1,targeted,democracy,IEEPA,0,0,0,0,0,-7,2.9436,0,1.56,1.638,8.463,62,0.222,0.167,0,0,0,-0.7440462980829851,-0.7331671511630906,-0.3013134409811321,1.0182013628461652,0.18618070140878892,-0.08833495734968369,0.22419115032465733
Belarus,BLR,2008,1,targeted,democracy,IEEPA,0,2,0,0,2,-7,3.0619,0,1.6,1.711,8.76,63,0.224,0.174,1,2,2,-0.5746492350401328,-0.7303008311692856,-0.1878079388637845,1.2648194014659115,0.2675587040670422,-0.0752146902252859,0.10792368840253778
Belarus,BLR,2009,1,targeted,democracy,IEEPA,0,376,0,0,376,-7,3.0511,0,1.14,1.291,8.585,64,0.227,0.193,1,50,376,-0.5901140556729546,-0.7632635110980442,-0.8408532935115364,1.1195057423465335,0.3489367067252954,-0.0555342895386892,0.496199347260054
Belarus,BLR,2010,1,targeted,democracy,IEEPA,0,8,0,0,8,-7,2.8275,0,1.21,1.304,8.705,65,0.226,0.191,1,8,8,-0.9102931198858177,-0.7582474511088853,-0.8206399849152963,1.219149394314107,0.43031470938354865,-0.0620944231008881,0.7470229321715955
Belarus,BLR,2011,1,targeted,democracy,IEEPA,0,0,0,0,0,-7,2.7591,0,1.65,1.474,8.784,66,0.216,0.148,0,0,0,-1.0082369838936882,-0.7267179311770291,-0.5563121032721589,1.2847481318594272,0.5116927120418019,-0.12769575872287708,0.5608944371066754
Belarus,BLR,2012,1,targeted,democracy,IEEPA,0,0,0,0,0,-7,2.8012,0,1.73,1.356,8.847,67,0.221,0.169,0,0,0,-0.9479528219824113,-0.7209852911894189,-0.7397867505303365,1.3370610491424024,0.5930707147000551,-0.0948950909118826,0.7012829378304306
Belarus,BLR,2013,1,targeted,democracy,IEEPA,0,0,0,0,0,-7,2.7922,0,1.44,1.309,8.987,68,0.242,0.224,0,0,0,-0.9608401725097631,-0.741766111144506,-0.8128656354552042,1.453311976437906,0.6744487173583084,0.04286771389429411,0.7810339573980366
Belarus,BLR,2014,1,targeted,democracy,IEEPA,0,0,0,0,0,-7,2.88,0,1.32,1.3,9.029,69,0.243,0.224,0,0,0,-0.8351169084762683,-0.7503650711259212,-0.8268594644833701,1.4881872546265569,0.7558267200165616,0.049427847456493014,0.6905243197236948
Belarus,BLR,2015,1,targeted,democracy,IEEPA,0,0,0,0,0,-7,2.8247,0,1.17,1.22,8.694,70,0.247,0.226,0,0,0,-0.9143025178276606,-0.7611137711026904,-0.9512490558448468,1.2100153928837467,0.8372047226748148,0.07566838170528861,0.8697294068401283
Belarus,BLR,2016,1,targeted,democracy,IEEPA,0,0,0,0,0,-7,2.6805,0,1.24,1.276,8.525,71,0.256,0.23,0,0,0,-1.1207865118325575,-0.7560977111135314,-0.8641763418918131,1.069683916362746,0.9185827253330681,0.13470958376507872,0.9685571878371448
Belarus,BLR,2017,1,targeted,democracy,IEEPA,0,0,0,0,0,-7,2.7619,0,1.56,1.339,8.663,72,0.254,0.228,0,0,0,-1.0042275859518461,-0.7331671511630906,-0.7662195386946504,1.1842741161254562,0.9999607279913213,0.1215893166406809,0.7694587976524659
Belarus,BLR,2018,1,targeted,democracy,IEEPA,0,0,0,0,0,-7,2.8727,0,1.98,1.573,8.758,73,0.252,0.228,0,0,0,-0.8455699816817864,-0.703070791228137,-0.40237998396233166,1.263158673933118,1.0813387306495745,0.10846904951628311,0.34024043566814627
Belarus,BLR,2019,1,targeted,democracy,IEEPA,0,0,0,0,0,-7,3.1377,0,1.67,1.742,8.83,74,0.259,0.228,0,0,0,-0.4661091050431065,-0.7252847711801266,-0.1396069722112125,1.3229448651136633,1.1627167333078277,0.1543899844516754,0.06507208087514608
Belarus,BLR,2020,1,targeted,democracy,IEEPA,0,0,0,0,0,-7,2.8696,0,1.52,1.616,8.786,75,0.208,0.174,0,0,0,-0.8500089579745407,-0.7360334711568958,-0.3355205786055378,1.2864088593922192,1.244094735966081,-0.1801768272204683,0.28519549739950817
Belarus,BLR,2021,1,targeted,democracy,IEEPA,0,0,0,0,0,-7,2.8922,0,1.86,1.485,8.921,76,0.172,0.131,0,0,0,-0.8176473888725253,-0.7116697512095523,-0.5392085344599556,1.3985079678557397,1.3254727386243341,-0.4163416354596285,0.44088245025896383
Bosnia,BIH,1994,1,targeted,human_rights,IEEPA,0,0,0,0,0,0,2.9143,1,0.25,2.785,5.82,49,0.187,0,0,0,0,-0.7860017836886958,-0.8270391309602079,1.4821223251640379,-1.1764500717396524,-0.8717333331485031,-0.317939632026645,-1.1649507912237709
Bosnia,BIH,1995,1,targeted,human_rights,IEEPA,0,0,0,0,0,0,2.9496000000000002,1,1.37,3.039,6.219,50,0.187,0,0,0,0,-0.7354547310647505,-0.7467821711336649,1.8770592777367257,-0.8451349289474688,-0.7903553304902499,-0.317939632026645,-1.3804921263004584
Bosnia,BIH,1996,1,targeted,human_rights,IEEPA,0,3,0,0,3,0,2.4033,0,0.09,2.986,6.578,51,0.268,0.19,1,3,3,-1.5177169080749797,-0.8385044109354283,1.7946511734597477,-0.5470343368111431,-0.7089773278319966,0.2134311865114655,-2.7237724300564623
Bosnia,BIH,1997,1,targeted,human_rights,IEEPA,0,6,0,0,6,0,2.4669,0,1.91,2.844,6.818,52,0.584,0.637,1,6,6,-1.4266462976816972,-0.708086851217296,1.5738596487931262,-0.3477470328759955,-0.6275993251737434,2.2864333921663156,-2.2453410410213297
Bosnia,BIH,2000,1,targeted,human_rights,IEEPA,0,65,0,0,65,0,1.8696,0,1.26,2.175,7.199,55,0.635,0.725,1,50,65,-2.2819367943469175,-0.7546645511166289,0.5336516910327789,-0.03137843787894767,-0.38346531719898375,2.6210002038384594,-1.217759429133151
Bosnia,BIH,2001,1,targeted,human_rights,IEEPA,0,20,0,0,20,0,1.9467,0,1.32,1.948,7.236,56,0.654,0.762,1,20,20,-2.171535158162607,-0.7503650711259212,0.18069622554458947,-6.549785222790662e-4,-0.3020873145407305,2.7456427415202387,-0.3923882067173562
Bosnia,BIH,2002,1,targeted,human_rights,IEEPA,0,382,0,0,382,0,1.4656,0,0.88,1.564,7.382,57,0.654,0.767,1,50,382,-2.8604356402413575,-0.7818945910577774,-0.41637381299049764,0.12057813137160263,-0.22070931188247725,2.7456427415202387,1.1910104943412094
Bosnia,BIH,2003,1,targeted,human_rights,IEEPA,0,68,0,0,68,0,1.6624,0,0.82,1.336,7.618,58,0.661,0.782,1,50,68,-2.5786322420432737,-0.786194071048485,-0.7708841483707056,0.3165439802411655,-0.13933130922422401,2.7915636764556306,1.9878267198687722
Bosnia,BIH,2004,1,targeted,human_rights,IEEPA,0,18,0,0,18,0,1.9367,0,1.71,1.312,7.805,59,0.647,0.75,1,18,18,-2.1858544365263306,-0.7224184511863214,-0.8082010257791487,0.4718220045573012,-0.05795330656597079,2.6997218065848463,1.7666097978044835
Bosnia,BIH,2005,1,targeted,human_rights,IEEPA,0,0,0,0,0,0,1.8054,0,1.83,1.411,7.916,60,0.647,0.75,0,0,0,-2.373866561442024,-0.7138194912049062,-0.6542689064693215,0.5639923826273078,0.023424696092282447,2.6997218065848463,1.5531470792587614
Bosnia,BIH,2006,1,targeted,human_rights,IEEPA,0,0,0,0,0,0,1.8097,0,1.64,1.64,8.06,61,0.626,0.702,0,0,0,-2.3677092717456225,-0.7274345111754804,-0.29820370119709516,0.6835647649883968,0.10480269875053569,2.5619590017786695,0.7060596681932234
Bosnia,BIH,2007,1,targeted,human_rights,IEEPA,0,0,0,0,0,0,1.7842,0,2.12,1.638,8.277,62,0.566,0.56,0,0,0,-2.404223431573118,-0.6930386712498191,-0.3013134409811321,0.8637537022964255,0.18618070140878892,2.1683509880467353,0.7244248350547616
Bosnia,BIH,2008,1,targeted,human_rights,IEEPA,0,0,0,0,0,0,1.9483,0,3.64,1.711,8.485,63,0.562,0.557,0,0,0,-2.1692440736244114,-0.5841185114852251,-0.1878079388637845,1.0364693657068873,0.2675587040670422,2.1421104537979403,0.4074012583598803
Bosnia,BIH,2009,1,targeted,human_rights,IEEPA,0,433,0,0,433,0,1.7564,0,1.46,1.291,8.421,64,0.56,0.557,1,50,433,-2.4440310254242705,-0.7403329511476033,-0.8408532935115364,0.9833260846575145,0.3489367067252954,2.128990186673543,2.0550715371723753
Bosnia,BIH,2010,1,targeted,human_rights,IEEPA,0,56,0,0,56,0,1.7212,0,2.72,1.304,8.413,65,0.566,0.554,1,50,56,-2.494434885264578,-0.6500438713427426,-0.8206399849152963,0.9766831745263436,0.43031470938354865,2.1683509880467353,2.0470330066157123
Bosnia,BIH,2011,1,targeted,human_rights,IEEPA,0,0,0,0,0,0,1.7586,0,3.53,1.474,8.514,66,0.564,0.545,0,0,0,-2.4408807841842513,-0.5920008914681892,-0.5563121032721589,1.0605499149323843,0.5116927120418019,2.1552307209223374,1.3578915228861372
Bosnia,BIH,2012,1,targeted,human_rights,IEEPA,0,3281,0,0,3281,0,1.6221,0,2.22,1.356,8.454,67,0.566,0.542,1,50,3281,-2.6363389338490806,-0.6858728712653064,-0.7397867505303365,1.0107280889485983,0.5930707147000551,2.1683509880467353,1.9503286131688231
Bosnia,BIH,2013,1,targeted,human_rights,IEEPA,0,89,0,0,89,0,1.6153,0,1.76,1.309,8.524,68,0.56,0.546,1,50,89,-2.6460760431364125,-0.7188355511940652,-0.8128656354552042,1.0688535525963487,0.6744487173583084,2.128990186673543,2.1509042842668724
Bosnia,BIH,2014,1,targeted,human_rights,IEEPA,0,93,0,0,93,0,1.7134,0,1.24,1.3,8.558,69,0.557,0.543,1,50,93,-2.5056039223882824,-0.7560977111135314,-0.8268594644833701,1.0970859206538286,0.7558267200165616,2.109309785986946,2.071782317473407
Bosnia,BIH,2015,1,targeted,human_rights,IEEPA,0,0,0,0,0,0,1.6792,0,1.02,1.22,8.447,70,0.547,0.531,0,0,0,-2.5545758543922177,-0.7718624710794596,-0.9512490558448468,1.004915542583822,0.8372047226748148,2.043708450364957,2.43003786957464
Bosnia,BIH,2016,1,targeted,human_rights,IEEPA,0,326,0,0,326,0,1.6898,0,1.05,1.276,8.503,71,0.547,0.537,1,50,326,-2.539397419326671,-0.7697127310841057,-0.8641763418918131,1.051415913502024,0.9185827253330681,2.043708450364957,2.194487172443233
Bosnia,BIH,2017,1,targeted,human_rights,IEEPA,0,98,0,0,98,0,1.6858,0,1.28,1.339,8.584,72,0.541,0.537,1,50,98,-2.5451251306721603,-0.7532313911197264,-0.7662195386946504,1.118675378580136,0.9999607279913213,2.0043476489917635,1.9501246035437845
Bosnia,BIH,2018,1,targeted,human_rights,IEEPA,0,97,0,0,97,0,1.7913,0,1.05,1.573,8.707,73,0.513,0.523,1,50,97,-2.3940567439348746,-0.7697127310841057,-0.40237998396233166,1.2208101218469005,1.0813387306495745,1.8206639092501944,0.9633205142294268
Bosnia,BIH,2019,1,targeted,human_rights,IEEPA,0,2,0,0,2,0,2.051,0,0.8,1.742,8.72,74,0.515,0.521,1,2,2,-2.022185084828968,-0.7876272310453876,-0.1396069722112125,1.231604850810054,1.1627167333078277,1.8337841763745921,0.2823111369436461
Bosnia,BIH,2020,1,targeted,human_rights,IEEPA,0,0,0,0,0,0,1.8608,0,0.78,1.616,8.721,75,0.517,0.526,0,0,0,-2.294537759306994,-0.7890603910422902,-0.3355205786055378,1.2324352145764501,1.244094735966081,1.84690444349899,0.7698646366349369
Bosnia,BIH,2021,1,targeted,human_rights,IEEPA,0,0,0,0,0,0,1.9754,0,0.81,1.485,8.895,76,0.508,0.519,0,0,0,-2.1304388292587197,-0.7869106510469364,-0.5392085344599556,1.376918509929432,1.3254727386243341,1.7878632414392,1.148750798881178
Burundi,BDI,2015,1,targeted,human_rights,IEEPA,4,49,0,0,53,-1,2.9389,1,15.53,1.22,5.539,70,0.196,0.08,2,53,53,-0.7507763589139353,0.2678951066733424,-0.9512490558448468,-1.4097822900970556,0.8372047226748148,-0.2588984299668549,0.7141753025675128
Burundi,BDI,2016,1,targeted,human_rights,IEEPA,0,0,0,0,0,-1,3.6813,0,19.1,1.276,5.451,71,0.166,0.028,0,0,0,0.3122868668089168,0.5237141661204482,-0.8641763418918131,-1.4828543015399434,0.9185827253330681,-0.4557024368328217,-0.2698709221797856
Burundi,BDI,2017,1,targeted,human_rights,IEEPA,0,0,0,0,0,-1,3.7912,0,18.51,1.339,5.506,72,0.157,0.028,0,0,0,0.46965573602624117,0.4814359462118229,-0.7662195386946504,-1.437184294388138,0.9999607279913213,-0.5147436388926118,-0.359859401403323
Burundi,BDI,2018,1,targeted,human_rights,IEEPA,0,0,0,0,0,-1,3.9979,0,13.43,1.573,5.504,73,0.157,0.028,0,0,0,0.7656352198044115,0.11741330699857438,-0.40237998396233166,-1.4388450219209314,1.0813387306495745,-0.5147436388926118,-0.3080762874658954
Burundi,BDI,2019,1,targeted,human_rights,IEEPA,0,0,0,0,0,-1,3.8952,1,13.13,1.742,5.457,74,0.159,0.028,0,0,0,0.6185762310089684,0.09591590704503618,-0.1396069722112125,-1.4778721189415644,1.1627167333078277,-0.501623371768214,-0.08635755469298562
Burundi,BDI,2020,1,targeted,human_rights,IEEPA,0,0,0,0,0,-1,3.7003,1,13.85,1.616,5.545,75,0.168,0.055,0,0,0,0.33949349569999215,0.147509666933528,-0.3355205786055378,-1.4048001074986767,1.244094735966081,-0.4425821697084239,-0.11390705411007802
Burundi,BDI,2021,1,targeted,human_rights,IEEPA,0,0,0,0,0,-1,3.8774,1,13.96,1.485,5.58,76,0.181,0.073,0,0,0,0.5930879155215404,0.1553920469164921,-0.5392085344599556,-1.3757373756748008,1.3254727386243341,-0.3573004333998384,-0.31979806573427977
Central African Republic,CAF,2014,1,targeted,human_rights,IEEPA,4,5,0,3,12,0,2.7736,1,11.27,1.3,6.016,69,0.282,0,3,12,9,-0.9874740302662889,-0.03736797266690132,-0.8268594644833701,-1.0136987735259484,0.7558267200165616,0.3052730563822497,0.8165022478572188
Central African Republic,CAF,2015,1,targeted,human_rights,IEEPA,0,8,0,3,11,0,2.4546,1,12.69,1.22,5.904,70,0.284,0.002,2,11,8,-1.4442590100690769,0.06438638711317991,-0.9512490558448468,-1.1066995153623511,0.8372047226748148,0.3183933235066475,1.3738500197236223
Central African Republic,CAF,2016,1,targeted,human_rights,IEEPA,0,852,0,0,852,6,2.5846,0,13.06,1.276,5.959,71,0.4,0.289,1,50,852,-1.258108391340668,0.09089984705587721,-0.8641763418918131,-1.0610295082105465,0.9185827253330681,1.0793688167217195,1.0872275073321722
Central African Republic,CAF,2017,1,targeted,human_rights,IEEPA,0,45,0,0,45,6,2.6712,1,13.42,1.339,6.069,72,0.396,0.289,1,45,45,-1.1341034407108206,0.11669672700012312,-0.7662195386946504,-0.9696894939069366,0.9999607279913213,1.053128282472924,0.8689722151734608
Central African Republic,CAF,2018,1,targeted,human_rights,IEEPA,0,44,0,0,44,6,2.6165,1,11.18,1.573,6.121,73,0.406,0.289,1,44,44,-1.2124298933603896,-0.0438171926529628,-0.40237998396233166,-0.9265105780543208,1.0813387306495745,1.118729618094913,0.48785752104580504
Central African Republic,CAF,2019,1,targeted,human_rights,IEEPA,0,233,0,0,233,6,2.8572,1,9.81,1.742,6.108,74,0.379,0.289,1,50,233,-0.8677648631455581,-0.1419886524407876,-0.1396069722112125,-0.9373053070174753,1.1627167333078277,0.9416060119155426,0.12114602513502853
Central African Republic,CAF,2020,1,targeted,human_rights,IEEPA,0,2,0,0,2,6,2.5979,1,9.89,1.616,6.137,75,0.374,0.283,1,2,2,-1.2390637511169154,-0.1362560124531774,-0.3355205786055378,-0.9132247577919783,1.244094735966081,0.9088053441045482,0.41573138670389553
Central African Republic,CAF,2021,1,targeted,human_rights,IEEPA,0,1,0,0,1,6,2.615,1,10.26,1.485,6.199,76,0.343,0.178,1,1,1,-1.2145777851149475,-0.10974255251048022,-0.5392085344599556,-0.8617422042753982,1.3254727386243341,0.7054412036763826,0.6549107074994498
China,CHN,1972,1,comprehensive,national_security,TWEA,0,0,0,0,0,-8,2.7202,0,0.9,1.21,4.884,27,0.068,0,0,0,0,-1.0639389767285736,-0.7804614310608748,-0.9667977547650314,-1.95367055708673,-2.6620493916300743,-1.0985955259283133,1.02861381390819
China,CHN,1973,1,comprehensive,national_security,TWEA,0,0,0,0,0,-8,2.752,0,1.8,1.217,5.058,28,0.07,0,0,0,0,-1.0184036715319327,-0.7159692312002599,-0.955913665520902,-1.809187261733748,-2.580671388971821,-1.0854752588039156,0.9735059866340344
China,CHN,1974,1,comprehensive,national_security,TWEA,0,0,0,0,0,-8,2.3295,1,5,1.388,5.078,29,0.07,0,0,0,0,-1.6233931823992616,-0.4866636316958516,-0.6900309139857462,-1.7925799864058187,-2.499293386313568,-1.0854752588039156,1.1201914814091918
China,CHN,1975,1,comprehensive,national_security,TWEA,0,0,0,0,0,-8,2.9432,0,7.33,1.38,5.185,30,0.07,0,0,0,0,-0.7446190692175338,-0.31970049205670414,-0.7024698731218938,-1.7037310634013991,-2.4179153836553144,-1.0854752588039156,0.5230724630773836
China,CHN,1976,1,comprehensive,national_security,TWEA,0,0,0,0,0,-7,2.634,0,9.22,1.427,5.11,31,0.07,0,0,0,0,-1.187371156223873,-0.18426687234941289,-0.6293909881970262,-1.7660083458811324,-2.3365373809970613,-1.0854752588039156,0.7473207053723889
China,CHN,1977,1,comprehensive,national_security,TWEA,0,0,0,0,0,-7,3.7359,0,9.6,1.436,5.224,32,0.069,0,0,0,0,0.39047012667484887,-0.15703683240826447,-0.6153971591688602,-1.671346876511937,-2.255159378338808,-1.0920353923661144,-0.24029420669600696
China,CHN,1978,1,comprehensive,national_security,TWEA,0,0,0,0,0,-7,3.0509,1,11.21,1.508,5.054,33,0.076,0,0,0,0,-0.5904004412402291,-0.041667452657608885,-0.5034465269435312,-1.8125087167993337,-2.173781375680555,-1.0461144574307222,0.2972350516483217
China,CHN,1979,1,comprehensive,national_security,TWEA,0,0,0,0,0,-7,2.3003,1,17.1,1.623,5.216,34,0.092,0,0,0,0,-1.6652054752213348,0.3803981664301929,-0.32463648936140876,-1.6779897866431088,-2.0924033730223015,-0.9411523204355399,0.5405864595412505
China,CHN,1980,1,comprehensive,national_security,TWEA,0,0,0,0,0,-7,2.4507,1,19.74,1.839,5.274,35,0.098,0,0,0,0,-1.4498435286309295,0.5695752860213297,0.011215407314577753,-1.6298286881921147,-2.0110253703640484,-0.9017915190623466,-0.016260585716000545
China,CHN,1981,1,comprehensive,national_security,TWEA,0,0,0,0,0,-7,2.3728,1,19.47,2.144,5.285,36,0.098,0,0,0,0,-1.5613907070843378,0.5502276260631452,0.4854507243802072,-1.6206946867617538,-1.9296473677057953,-0.9017915190623466,-0.7579782497946157
China,CHN,1982,1,comprehensive,national_security,TWEA,0,0,0,0,0,-7,2.6886,0,16.75,2.543,5.317,37,0.098,0,0,0,0,-1.109187896357941,0.35531786648439817,1.1058438112955713,-1.5941230462370672,-1.848269365047542,-0.9017915190623466,-1.2265885707513824
China,CHN,1983,1,comprehensive,national_security,TWEA,0,0,0,0,0,-7,2.3664,1,12.62,2.471,5.42,38,0.098,0,0,0,0,-1.5705550452371206,0.05937032712402097,0.9938931790702423,-1.508595578298233,-1.7668913623892888,-0.9017915190623466,-1.56096394681553
China,CHN,1984,1,comprehensive,national_security,TWEA,0,0,0,0,0,-7,2.3331,1,10.4,2.752,5.526,39,0.098,0,0,0,0,-1.618238242188321,-0.0997104325321623,1.4308116187274282,-1.4205770190602094,-1.6855133597310354,-0.9017915190623466,-2.3153940787920995
China,CHN,1985,1,comprehensive,national_security,TWEA,0,0,0,0,0,-7,2.4909,0,9.79,2.984,5.687,40,0.098,0,0,0,0,-1.39228002960876,-0.14342181243769025,1.7915414336757103,-1.2868884526703805,-1.6041353570727823,-0.9017915190623466,-2.4943273603233385
China,CHN,1986,1,comprehensive,national_security,TWEA,0,10,0,0,10,-7,2.5348,1,5.76,2.97,5.643,41,0.102,0,1,10,10,-1.3294183975920122,-0.4322035518135546,1.7697732551874523,-1.3234244583918247,-1.522757354414529,-0.8755509848135511,-2.352769125012502
China,CHN,1987,1,comprehensive,national_security,TWEA,0,18,0,0,18,-7,2.6512,1,6.49,2.855,5.53,42,0.104,0,1,18,18,-1.1627419974382682,-0.37989321192661135,1.5909632176053294,-1.4172555639946232,-1.4413793517562759,-0.8624307176891532,-1.849879749489235
China,CHN,1988,1,comprehensive,national_security,TWEA,0,0,0,0,0,-7,2.7695,1,6.29,2.899,5.649,43,0.104,0,0,0,0,-0.9933449343954159,-0.3942248118956369,1.6593774928541416,-1.3184422757934458,-1.3600013490980225,-0.8624307176891532,-1.6483342267764272
China,CHN,1989,1,comprehensive,national_security,TWEA,0,0,0,0,0,-7,2.9343,0,7.06,2.995,5.741,44,0.1,0,0,0,0,-0.7573632269612482,-0.3390481520148887,1.8086450024879135,-1.2420488092849726,-1.2786233464397694,-0.8886712519379487,-1.369801215511581
China,CHN,1990,1,comprehensive,national_security,TWEA,0,0,0,0,0,-7,3.0962,0,8.64,3.091,5.764,45,0.093,0,0,0,0,-0.5255341102525602,-0.22582851225958694,1.9579125121216856,-1.222950442657854,-1.197245343781516,-0.934592186873341,-1.0289498100102252
China,CHN,1991,1,comprehensive,national_security,TWEA,0,0,0,0,0,-7,3.1085,0,6.08,3.158,5.812,46,0.094,0,0,0,0,-0.5079213978651804,-0.4092729918631137,2.0620887948869218,-1.1830929818708242,-1.115867341123263,-0.9280320533111421,-1.0473790232210907
China,CHN,1992,1,comprehensive,national_security,TWEA,0,0,0,0,0,-7,3.2316,0,5.34,3.057,5.908,47,0.096,0,0,0,0,-0.33165108120774084,-0.4622999117485082,1.9050469357930575,-1.1033780602967649,-1.0344893384650096,-0.9149117861867443,-0.6318108760072612
China,CHN,1993,1,comprehensive,national_security,TWEA,0,0,0,0,0,-7,3.5629,0,4.45,2.897,5.937,48,0.101,0,0,0,0,0.1427466109824277,-0.5260755316106718,1.6562677530701044,-1.079297511071268,-0.9531113358067564,-0.8821111183757498,0.23642660863023782
China,CHN,1994,1,comprehensive,national_security,TWEA,0,0,0,1,1,-7,4.3799,0,3.28,2.785,6.165,49,0.102,0,1,1,0,1.3126316532986595,-0.6099153914294712,1.4821223251640379,-0.8899745723328774,-0.8717333331485031,-0.8755509848135511,1.9454806780709244
China,CHN,1995,1,comprehensive,national_security,TWEA,0,0,0,1,1,-7,4.6245,0,3.27,3.039,6.418,50,0.102,0,1,1,0,1.662881202075343,-0.6106319714279224,1.8770592777367257,-0.6798925394345753,-0.7903553304902499,-0.8755509848135511,3.1213265881295214
China,CHN,1996,1,comprehensive,national_security,TWEA,0,0,0,1,1,-7,4.7431,0,3,2.986,6.57,51,0.102,0,1,1,0,1.8327078434691066,-0.6299796313861068,1.7946511734597477,-0.5536772469423147,-0.7089773278319966,-0.8755509848135511,3.289071281890716
China,CHN,1997,1,comprehensive,national_security,TWEA,0,0,0,0,0,-7,4.2582,0,2.39,2.844,6.668,52,0.102,0,0,0,0,1.1383660356121417,-0.6736910112916347,1.5738596487931262,-0.4723015978354626,-0.6275993251737434,-0.8755509848135511,1.7916283690065486
China,CHN,1998,1,comprehensive,national_security,TWEA,0,0,0,0,0,-7,4.2628,0,1.72,2.661,6.728,53,0.102,0,0,0,0,1.1449529036594546,-0.7217018711878702,1.289318458553749,-0.4224797718516759,-0.5462213225154902,-0.8755509848135511,1.476208912862847
China,CHN,1999,1,comprehensive,national_security,TWEA,0,0,0,1,1,-7,3.1825,0,1.85,2.386,6.781,54,0.102,0,1,1,0,-0.40195873797362414,-0.7123863312080037,0.8617292382486736,-0.3784704922326641,-0.464843319857237,-0.8755509848135511,-0.34637959708140936
China,CHN,2000,1,comprehensive,national_security,TWEA,0,0,0,1,1,-7,3.2231,0,2.7,2.175,6.876,55,0.1,0,1,1,0,-0.3438224678169057,-0.6514770313396452,0.5336516910327789,-0.29958593442500075,-0.38346531719898375,-0.8886712519379487,-0.18348144136555491
China,CHN,2001,1,comprehensive,national_security,TWEA,0,0,0,3,3,-7,3.2994,0,2.59,1.948,6.971,56,0.102,0,1,3,0,-0.2345663739016936,-0.6593594113226092,0.18069622554458947,-0.22070137661733819,-0.3020873145407305,-0.8755509848135511,-0.04238525840371693
China,CHN,2002,1,comprehensive,national_security,TWEA,0,0,0,1,1,-7,3.105,0,1.96,1.564,7.059,57,0.102,0,1,1,0,-0.5129331452924835,-0.7045039512250395,-0.41637381299049764,-0.14762936517445047,-0.22070931188247725,-0.8755509848135511,0.21357192951464027
China,CHN,2003,1,comprehensive,national_security,TWEA,0,0,0,0,0,-7,3.2921,0,2.02,1.336,7.175,58,0.103,0,0,0,0,-0.24501944710721177,-0.7002044712343319,-0.7708841483707056,-0.0513071682724625,-0.13933130922422401,-0.8689908512513522,0.1888816078175041
China,CHN,2004,1,comprehensive,national_security,TWEA,0,0,0,0,0,-7,3.677,0,4.72,1.312,7.334,59,0.102,0,0,0,0,0.306129577112516,-0.5067278716524873,-0.8082010257791487,0.08072067058457297,-0.05795330656597079,-0.8755509848135511,-0.2474142382436724
China,CHN,2005,1,comprehensive,national_security,TWEA,0,0,0,0,0,-7,3.4302,0,5.1,1.411,7.483,60,0.094,0,0,0,0,-0.04727021290418641,-0.4794978317113388,-0.6542689064693215,0.20444487177764412,0.023424696092282447,-0.9280320533111421,0.030927430505394052
China,CHN,2006,1,comprehensive,national_security,TWEA,0,0,0,0,0,-7,3.4216,0,5.52,1.64,7.664,61,0.094,0,0,0,0,-0.059584792296988764,-0.44940147177638523,-0.29820370119709516,0.3547407134954017,0.10480269875053569,-0.9280320533111421,0.017768405598022216
China,CHN,2007,1,comprehensive,national_security,TWEA,0,0,0,0,0,-7,3.4345,0,6.33,1.638,7.914,62,0.095,0,0,0,0,-0.041112923207785555,-0.3913584919018318,-0.3013134409811321,0.5623316550945143,0.18618070140878892,-0.9214719197489432,0.01238787636053091
China,CHN,2008,1,comprehensive,national_security,TWEA,0,0,0,0,0,-7,3.1813,1,9.65,1.711,8.167,63,0.095,0,0,0,0,-0.4036770513772714,-0.15345393241600802,-0.1878079388637845,0.7724136879928164,0.2675587040670422,-0.9214719197489432,0.07581375498577538
China,CHN,2009,1,comprehensive,national_security,TWEA,0,0,0,1,1,-7,3.191,0,3.92,1.291,8.268,64,0.094,0,1,1,0,-0.3897873513644593,-0.5640542715285894,-0.8408532935115364,0.8562804283988587,0.3489367067252954,-0.9280320533111421,0.327753978163944
China,CHN,2010,1,comprehensive,national_security,TWEA,0,0,0,0,0,-7,2.9671,0,6.29,1.304,8.44,65,0.094,0,0,0,0,-0.7103959939282344,-0.3942248118956369,-0.8206399849152963,0.9991029962190471,0.43031470938354865,-0.9280320533111421,0.5829793577411532
China,CHN,2011,1,comprehensive,national_security,TWEA,0,0,0,1,1,-7,3.2305,0,7.69,1.474,8.649,66,0.094,0,1,1,0,-0.33322620182775,-0.2939036121124582,-0.5563121032721589,1.172649023395905,0.5116927120418019,-0.9280320533111421,0.1853777692041885
China,CHN,2012,1,comprehensive,national_security,TWEA,0,0,0,0,0,-7,2.9745,0,4.09,1.356,8.765,67,0.094,0,0,0,0,-0.6997997279390786,-0.5518724115549177,-0.7397867505303365,1.2689712202978944,0.5930707147000551,-0.9280320533111421,0.5177025667540646
China,CHN,2013,1,comprehensive,national_security,TWEA,0,0,0,1,1,-7,3.2788,0,2.98,1.309,8.874,68,0.086,0,1,1,0,-0.2640640873309645,-0.6314127913830093,-0.8128656354552042,1.3594808708351076,0.6744487173583084,-0.9805131218087333,0.21464862214918298
China,CHN,2014,1,comprehensive,national_security,TWEA,0,0,0,1,1,-7,3.0895,0,2.31,1.3,8.959,69,0.084,0,1,1,0,-0.535128026756255,-0.6794236512792449,-0.8268594644833701,1.4300617909788051,0.7558267200165616,-0.9936333889331309,0.4424756736337196
China,CHN,2015,1,comprehensive,national_security,TWEA,0,0,0,0,0,-7,3.2617,0,1.17,1.22,9.009,70,0.082,0,0,0,0,-0.2885500533329323,-0.7611137711026904,-0.9512490558448468,1.4715799792986282,0.8372047226748148,-1.0067536560575288,0.27448296579693204
China,CHN,2016,1,comprehensive,national_security,TWEA,0,0,0,0,0,-7,2.6888,0,1.05,1.276,9.019,71,0.08,0,0,0,0,-1.1089015107906663,-0.7697127310841057,-0.8641763418918131,1.4798836169625924,0.9185827253330681,-1.0198739231819265,0.958286451113383
China,CHN,2017,1,comprehensive,national_security,TWEA,0,0,0,0,0,-7,2.9093,0,1.31,1.339,9.103,72,0.078,0,0,0,0,-0.7931614228705576,-0.7510816511243725,-0.7662195386946504,1.549634173339894,0.9999607279913213,-1.0329941903063242,0.6077357795422712
China,CHN,2018,1,comprehensive,national_security,TWEA,0,0,0,0,0,-7,2.8607,0,1.43,1.573,9.219,73,0.076,0,0,0,0,-0.862753115718255,-0.7424826911429573,-0.40237998396233166,1.645956370241882,1.0813387306495745,-1.0461144574307222,0.34715458486616313
China,CHN,2019,1,comprehensive,national_security,TWEA,0,0,0,0,0,-7,3.2205,0,1.27,1.742,9.244,74,0.075,0,0,0,0,-0.3475454801914741,-0.7539479711181777,-0.1396069722112125,1.6667154644017936,1.1627167333078277,-1.052674590992921,0.048519772195223625
China,CHN,2020,1,comprehensive,national_security,TWEA,4,0,0,0,4,-7,3.0165,1,0.86,1.616,9.271,75,0.075,0,1,4,4,-0.6396587588114385,-0.78332775105468,-0.3355205786055378,1.6891352860944986,1.244094735966081,-1.052674590992921,0.214618676866514
China,CHN,2021,1,comprehensive,national_security,TWEA,3,0,0,0,3,-7,3.1201,0,1.71,1.485,9.464,76,0.077,0,1,3,3,-0.49131103496326073,-0.7224184511863214,-0.5392085344599556,1.8493954930090133,1.3254727386243341,-1.0395543238685232,0.2649191031265438
Cote d'Ivoire,CIV,2006,1,targeted,human_rights,IEEPA,4,0,0,0,4,0,3.0525,0,5.6,1.64,7.115,61,0.434,0.31,1,4,4,-0.5881093567020329,-0.44366883178877503,-0.29820370119709516,-0.1011289942562492,0.10480269875053569,1.3024133578364818,0.17537638687718887
Cote d'Ivoire,CIV,2007,1,targeted,human_rights,IEEPA,0,5,0,0,5,0,2.7609,0,4.98,1.638,7.221,62,0.435,0.31,1,5,5,-1.0056595137882183,-0.4880967916927541,-0.3013134409811321,-0.013110435018225558,0.18618070140878892,1.3089734913986806,0.30301872855494033
Cote d'Ivoire,CIV,2008,1,targeted,human_rights,IEEPA,0,3,0,0,3,0,2.573,0,5.56,1.711,7.368,63,0.436,0.31,1,3,3,-1.2747187542425877,-0.44653515178258013,-0.1878079388637845,0.10895303864205287,0.2675587040670422,1.3155336249608796,0.23940230186531145
Cote d'Ivoire,CIV,2009,1,targeted,human_rights,IEEPA,0,71,0,0,71,0,2.6943,0,3.87,1.291,7.34,64,0.435,0.31,1,50,71,-1.1010259076906184,-0.5676371715208458,-0.8408532935115364,0.08570285318295186,0.3489367067252954,1.3089734913986806,0.9258012607231852
Cote d'Ivoire,CIV,2010,1,targeted,human_rights,IEEPA,0,64,0,0,64,0,2.4955,0,4.33,1.304,7.348,65,0.446,0.348,1,50,64,-1.3856931615614472,-0.5346744915920871,-0.8206399849152963,0.09234576331412347,0.43031470938354865,1.3811349605828684,1.1371552152010154
Cote d'Ivoire,CIV,2011,1,targeted,human_rights,IEEPA,0,34,0,0,34,4,2.2942,1,5.53,1.474,7.376,66,0.427,0.367,1,34,34,-1.6739402350232062,-0.4486848917779339,-0.5563121032721589,0.11559594877322447,0.5116927120418019,1.2564924229010894,0.9312332128976517
Cote d'Ivoire,CIV,2012,1,targeted,human_rights,IEEPA,0,67,0,0,67,4,2.4897,0,5.37,1.356,7.344,67,0.461,0.441,1,50,67,-1.3939983430124065,-0.4601501717531543,-0.7397867505303365,0.08902430824853803,0.5930707147000551,1.479536964015852,1.0312615044218216
Cote d'Ivoire,CIV,2013,1,targeted,human_rights,IEEPA,0,697,0,0,697,4,2.7741,0,4.16,1.309,7.488,68,0.465,0.45,1,50,697,-0.9867580663481031,-0.5468563515657587,-0.8128656354552042,0.20859669060962702,0.6744487173583084,1.5057774982646477,0.8021017226425994
Cote d'Ivoire,CIV,2014,1,targeted,human_rights,IEEPA,0,52,0,0,52,4,2.7448,0,3.42,1.3,7.597,69,0.463,0.446,1,50,52,-1.0287135519538133,-0.5998832714511533,-0.8268594644833701,0.2991063411468401,0.7558267200165616,1.4926572311402497,0.8506015366753156
Cote d'Ivoire,CIV,2015,1,targeted,human_rights,IEEPA,0,49,0,0,49,4,2.5457,0,3.07,1.22,7.504,70,0.473,0.46,1,49,49,-1.3138103841755535,-0.6249635713969479,-0.9512490558448468,0.2218825108719695,0.8372047226748148,1.5582585667622384,1.2497608875061508
Cote d'Ivoire,CIV,2016,1,targeted,human_rights,IEEPA,0,12,0,0,12,4,2.6006,0,3.23,1.276,7.53,71,0.529,0.573,1,12,12,-1.2351975459587101,-0.6134982914217274,-0.8641763418918131,0.2434719687982778,0.9185827253330681,1.925626046245377,1.067428496780343
Cuba,CUB,1970,1,comprehensive,democracy,TWEA,0,0,0,0,0,-7,1.9504,0,0.87,1.34,6.469,25,0.069,0,0,0,0,-2.1662370251680296,-0.7826111710562288,-0.7646646688026318,-0.6375439873483562,-2.824805396946581,-1.0920353923661144,1.6564449173981097
Cuba,CUB,1971,1,comprehensive,democracy,TWEA,0,0,0,0,0,-7,4.2251,0,0.72,1.274,6.647,26,0.069,0,0,0,0,1.0909692242282159,-0.7933598710329978,-0.8672860816758501,-0.489739236929788,-2.7434273942883274,-1.0920353923661144,-0.9461824237098312
Cuba,CUB,1972,1,comprehensive,democracy,TWEA,0,0,0,0,0,-7,3.7621000000000002,0,0.64,1.21,6.793,27,0.069,0,0,0,0,0.42798663598780545,-0.7990925110206081,-0.9667977547650314,-0.3685061270359063,-2.6620493916300743,-1.0920353923661144,-0.4137765187424491
Cuba,CUB,1973,1,comprehensive,democracy,TWEA,0,0,0,0,0,-7,4.0209,0,0.59,1.217,6.984,28,0.069,0,0,0,0,0.7985695600409763,-0.8026754110128644,-0.955913665520902,-0.2099066476541844,-2.580671388971821,-1.0920353923661144,-0.7633635553121837
Cuba,CUB,1974,1,comprehensive,democracy,TWEA,0,0,0,0,0,-7,4.3195,0,0.67,1.388,7.104,29,0.069,0,0,0,0,1.2261432119817672,-0.7969427710252542,-0.6900309139857462,-0.11026299568661026,-2.499293386313568,-1.0920353923661144,-0.8460767212411975
Cuba,CUB,1975,1,comprehensive,democracy,TWEA,0,0,0,0,0,-7,4.1812,0,0.79,1.38,7.226,30,0.069,0,0,0,0,1.0281075922114675,-0.788343811043839,-0.7024698731218938,-0.008958616186243395,-2.4179153836553144,-1.0920353923661144,-0.7222146098564454
Cuba,CUB,1976,1,comprehensive,democracy,TWEA,0,0,0,0,0,-7,4.1461,0,0.85,1.427,7.273,31,0.069,0,0,0,0,0.9778469251547972,-0.7840443310531313,-0.6293909881970262,0.030068480834389538,-2.3365373809970613,-1.0920353923661144,-0.6154480425286013
Cuba,CUB,1977,1,comprehensive,democracy,TWEA,0,0,0,0,0,-7,4.3096,0,0.79,1.436,7.295,32,0.069,0,0,0,0,1.2119671264016807,-0.788343811043839,-0.6153971591688602,0.04833648369511165,-2.255159378338808,-1.0920353923661144,-0.7458411265936412
Cuba,CUB,1978,1,comprehensive,democracy,TWEA,0,0,0,0,0,-7,3.9243,0,0.44,1.508,7.516,33,0.069,0,0,0,0,0.6602453310474048,-0.8134241109896336,-0.5034465269435312,0.23184687606872728,-2.173781375680555,-1.0920353923661144,-0.33239821884649795
Cuba,CUB,1979,1,comprehensive,democracy,TWEA,0,0,0,0,0,-7,3.6409,0,0.84,1.623,7.604,34,0.069,0,0,0,0,0.2544369822194728,-0.7847609110515825,-0.32463648936140876,0.304918887511615,-2.0924033730223015,-1.0920353923661144,-0.08259952867144084
Cuba,CUB,1980,1,comprehensive,democracy,TWEA,0,0,0,0,0,-7,3.4851,0,0.82,1.839,7.616,35,0.071,0,0,0,0,0.03134262531265698,-0.786194071048485,0.011215407314577753,0.31488325270837203,-2.0110253703640484,-1.0789151252417166,3.5152030918964293e-4
Cuba,CUB,1981,1,comprehensive,democracy,TWEA,0,0,0,0,0,-7,3.7237,0,0.76,2.144,7.624,36,0.071,0,0,0,0,0.3730006070711059,-0.7904935510391927,0.4854507243802072,0.32152616283954366,-1.9296473677057953,-1.0789151252417166,0.18107341489692538
Cuba,CUB,1982,1,comprehensive,democracy,TWEA,0,0,0,0,0,-7,4.0331,0,0.6,2.543,7.656,37,0.071,0,0,0,0,0.8160390796447193,-0.8019588310144132,1.1058438112955713,0.3480978033642301,-1.848269365047542,-1.0789151252417166,0.9024117660004467
Cuba,CUB,1983,1,comprehensive,democracy,TWEA,0,0,0,0,0,-7,3.7955,0,0.53,2.471,7.706,38,0.071,0,0,0,0,0.47581302572264267,-0.8069748910035721,0.9938931790702423,0.3896159916840532,-1.7668913623892888,-1.0789151252417166,0.47290732077850833
Cuba,CUB,1984,1,comprehensive,democracy,TWEA,0,0,0,0,0,-7,3.8182,0,0.53,2.752,7.778,39,0.071,0,0,0,0,0.5083177876082955,-0.8069748910035721,1.4308116187274282,0.44940218286459693,-1.6855133597310354,-1.0789151252417166,0.7273069965157704
Cuba,CUB,1985,1,comprehensive,democracy,TWEA,0,0,0,0,0,-7,4.1347,0,0.6,2.984,7.722,40,0.071,0,0,0,0,0.961522947820152,-0.8019588310144132,1.7915414336757103,0.4029018119463964,-1.6041353570727823,-1.0789151252417166,1.7226082004498102
Cuba,CUB,1986,1,comprehensive,democracy,TWEA,0,0,0,0,0,-7,4.2335,0,0.29,2.97,7.768,41,0.071,0,0,0,0,1.1029974180537438,-0.8241728109664028,1.7697732551874523,0.44109854520063263,-1.522757354414529,-1.0789151252417166,1.9520553310123294
Cuba,CUB,1987,1,comprehensive,democracy,TWEA,0,0,0,0,0,-7,4.1662,0,0.4,2.855,7.8,42,0.071,0,0,0,0,1.0066286746658824,-0.8162904309834387,1.5909632176053294,0.46767018572531904,-1.4413793517562759,-1.0789151252417166,1.6015091951802205
Cuba,CUB,1988,1,comprehensive,democracy,TWEA,0,0,0,0,0,-7,4.3227,0,1.54,2.899,7.876,43,0.071,0,0,0,0,1.2307253810581598,-0.7346003111599932,1.6593774928541416,0.5307778319714497,-1.3600013490980225,-1.0789151252417166,2.042237997212247
Cuba,CUB,1989,1,comprehensive,democracy,TWEA,0,0,0,0,0,-7,4.2907,0,1.66,2.995,7.85,44,0.071,0,0,0,0,1.1849036902942436,-0.7260013511785779,1.8086450024879135,0.5091883740451414,-1.2786233464397694,-1.0789151252417166,2.14307013788017
Cuba,CUB,1990,1,comprehensive,democracy,TWEA,0,0,0,0,0,-7,4.1929,0,0.89,3.091,7.899,45,0.071,0,0,0,0,1.0448611478970247,-0.7811780110593262,1.9579125121216856,0.5498761985985678,-1.197245343781516,-1.0789151252417166,2.0457467148974118
Cuba,CUB,1991,1,comprehensive,democracy,TWEA,0,0,0,0,0,-7,4.4829,0,0.97,3.158,7.727,46,0.071,0,0,0,0,1.4601202204450139,-0.7754453710717158,2.0620887948869218,0.4070536307783786,-1.115867341123263,-1.0789151252417166,3.0108975457674854
Cuba,CUB,1992,1,comprehensive,democracy,TWEA,0,0,0,0,0,-7,4.7016,0,0.98,3.057,7.624,47,0.071,0,0,0,0,1.7732828382596528,-0.7747287910732646,1.9050469357930575,0.32152616283954366,-1.0344893384650096,-1.0789151252417166,3.3781870373209677
Cuba,CUB,1993,1,comprehensive,democracy,TWEA,0,0,0,0,0,-7,4.5174,0,0.73,2.897,7.632,48,0.103,0.246,0,0,0,1.5095217307998616,-0.7926432910345466,1.6562677530701044,0.32816907297071524,-0.9531113358067564,-0.8689908512513522,2.500172165282382
Cuba,CUB,1994,1,comprehensive,democracy,TWEA,0,0,0,0,0,-7,4.667,0,0.75,2.785,7.868,49,0.108,0.288,0,0,0,1.7237381351211682,-0.791210131037644,1.4821223251640379,0.5241349218402781,-0.8717333331485031,-0.8361901834403577,2.5547907727997083
Cuba,CUB,1995,1,comprehensive,democracy,TWEA,0,0,0,0,0,-7,4.6323,0,1.1,3.039,7.932,50,0.108,0.288,0,0,0,1.674050239199047,-0.7661298310918494,1.8770592777367257,0.577278202889651,-0.7903553304902499,-0.8361901834403577,3.142291532885956
Cuba,CUB,1996,1,comprehensive,democracy,TWEA,0,0,0,3,3,-7,4.9972,0,1.43,2.986,7.733,51,0.108,0.288,1,3,0,2.196560706691328,-0.7424826911429573,1.7946511734597477,0.41203581337675677,-0.7089773278319966,-0.8361901834403577,3.942060249839164
Cuba,CUB,1997,1,comprehensive,democracy,TWEA,0,0,0,0,0,-7,5.0221,0,1.13,2.844,7.743,52,0.108,0.288,0,0,0,2.2322157098169995,-0.7639800910964956,1.5738596487931262,0.4203394510407218,-0.6275993251737434,-0.8361901834403577,3.5131942330830817
Cuba,CUB,1998,1,comprehensive,democracy,TWEA,0,0,0,0,0,-7,4.974,0,0.57,2.661,7.755,53,0.113,0.32,0,0,0,2.1633399808874887,-0.804108571009767,1.289318458553749,0.4303038162374789,-0.5462213225154902,-0.8033895156293631,2.7892341694855536
Cuba,CUB,1999,1,comprehensive,democracy,TWEA,0,0,0,0,0,-7,4.324,0,0.79,2.386,7.848,54,0.113,0.321,0,0,0,1.2325868872454433,-0.788343811043839,0.8617292382486736,0.5075276465123487,-0.464843319857237,-0.8033895156293631,1.0621561594213196
Cuba,CUB,2000,1,comprehensive,democracy,TWEA,0,0,0,0,0,-7,3.9578,0,1.91,2.175,7.92,55,0.113,0.321,0,0,0,0.7082149135658795,-0.708086851217296,0.5336516910327789,0.5673138376928932,-0.38346531719898375,-0.8033895156293631,0.37794008623906494
Cuba,CUB,2001,1,comprehensive,democracy,TWEA,0,0,0,0,0,-7,3.657,0,1.18,1.948,7.953,56,0.113,0.321,0,0,0,0.2774910203850684,-0.7603971911042392,0.18069622554458947,0.5947158419839764,-0.3020873145407305,-0.8033895156293631,0.05014158000609859
Cuba,CUB,2002,1,comprehensive,democracy,TWEA,0,396,0,0,396,-7,3.6711,0,1.37,1.564,8.008,57,0.113,0.321,1,50,396,0.29768120287791894,-0.7467821711336649,-0.41637381299049764,0.6403858491357802,-0.22070931188247725,-0.8033895156293631,-0.123946657497877
Cuba,CUB,2003,1,comprehensive,democracy,TWEA,0,1376,45,0,1421,-7,3.5764,0,1.92,1.336,8.072,58,0.114,0.323,2,70,1421,0.16207763677345485,-0.7073702712188447,-0.7708841483707056,0.693529130185153,-0.13933130922422401,-0.7968293820671642,-0.1249430809940413
Cuba,CUB,2004,1,comprehensive,democracy,TWEA,0,0,20,0,20,-7,4.0927,0,2.71,1.312,8.131,59,0.114,0.323,1,20,20,0.9013819786925125,-0.6507604513411938,-0.8082010257791487,0.7425205924025445,-0.05795330656597079,-0.7968293820671642,-0.7284978397981273
Cuba,CUB,2005,1,comprehensive,democracy,TWEA,0,0,15,0,15,-7,3.8406,0,2.64,1.411,8.239,60,0.113,0.323,1,15,15,0.5403929711430364,-0.6557765113303528,-0.6542689064693215,0.8321998791733616,0.023424696092282447,-0.8033895156293631,-0.353562318293462
Cuba,CUB,2006,1,comprehensive,democracy,TWEA,0,0,26,0,26,-7,4.0171,0,3.75,1.64,8.373,61,0.113,0.323,1,20,26,0.7931282342627614,-0.5762361315022612,-0.29820370119709516,0.9434686238704848,0.10480269875053569,-0.8033895156293631,-0.23651377498107218
Cuba,CUB,2007,1,comprehensive,democracy,TWEA,0,0,20,0,20,-7,3.7263,0,6.72,1.638,8.478,62,0.113,0.323,1,20,20,0.3767236194456743,-0.36341187196223207,-0.3013134409811321,1.0306568193421124,0.18618070140878892,-0.8033895156293631,-0.11351189007404265
Cuba,CUB,2008,1,comprehensive,democracy,TWEA,0,0,25,0,25,-7,3.8657,0,3.19,1.711,8.514,63,0.105,0.256,1,20,25,0.5763343598359832,-0.6163646114155327,-0.1878079388637845,1.0605499149323843,0.2675587040670422,-0.8558705841269544,-0.10824016821717472
Cuba,CUB,2009,1,comprehensive,democracy,TWEA,0,0,11,0,11,-7,3.7986,0,1.76,1.291,8.535,64,0.167,0.252,1,11,11,0.48025200201539686,-0.7188355511940652,-0.8408532935115364,1.0779875540267105,0.3489367067252954,-0.4491423032706228,-0.40382147761015547
Cuba,CUB,2010,1,comprehensive,democracy,TWEA,0,0,17,0,17,-7,3.8405,0,2.69,1.304,8.57,65,0.167,0.252,1,17,17,0.5402497783593995,-0.6521936113380964,-0.8206399849152963,1.1070502858505864,0.43031470938354865,-0.4491423032706228,-0.44335056996334976
Cuba,CUB,2011,1,comprehensive,democracy,TWEA,0,0,11,0,11,-7,3.7561,0,2.93,1.474,8.717,66,0.167,0.252,1,11,11,0.41939506896957085,-0.6349956913752658,-0.5563121032721589,1.2291137595108648,0.5116927120418019,-0.4491423032706228,-0.23331455292043407
Cuba,CUB,2012,1,comprehensive,democracy,TWEA,0,0,10,0,10,-7,4.1371,0,2.19,1.356,8.775,67,0.167,0.252,1,10,10,0.9649595746274466,-0.6880226112606602,-0.7397867505303365,1.2772748579618587,0.5930707147000551,-0.4491423032706228,-0.7138643081067745
Cuba,CUB,2013,1,comprehensive,democracy,TWEA,0,0,11,0,11,-7,4.0257,0,1.71,1.309,8.829,68,0.168,0.265,1,11,11,0.805442813655563,-0.7224184511863214,-0.8128656354552042,1.3221145013472673,0.6744487173583084,-0.4425821697084239,-0.6547167845449569
Cuba,CUB,2014,1,comprehensive,democracy,TWEA,0,0,10,0,10,-7,4.1029,0,1.67,1.3,8.874,69,0.168,0.267,1,10,10,0.9159876426235111,-0.7252847711801266,-0.8268594644833701,1.3594808708351076,0.7558267200165616,-0.4425821697084239,-0.7573930516530609
Cuba,CUB,2015,1,comprehensive,democracy,TWEA,0,0,10,0,10,-7,4.1238,0,0.69,1.22,8.953,70,0.168,0.267,1,10,10,0.9459149344036939,-0.7955096110283517,-0.9512490558448468,1.4250796083804262,0.8372047226748148,-0.4425821697084239,-0.899800688261054
Cuba,CUB,2016,1,comprehensive,democracy,TWEA,0,0,10,0,10,-7,4.1558,0,0.47,1.276,9.001,71,0.169,0.267,1,10,10,0.99173662516761,-0.8112743709942797,-0.8641763418918131,1.4649370691674557,0.9185827253330681,-0.436022036146225,-0.8570353288574775
Cuba,CUB,2017,1,comprehensive,democracy,TWEA,0,0,8,0,8,-7,4.2054,0,0.66,1.339,9.061,72,0.168,0.268,1,8,8,1.0627602458516796,-0.7976593510237056,-0.7662195386946504,1.5147588951512432,0.9999607279913213,-0.4425821697084239,-0.8143076653194872
Cuba,CUB,2018,1,comprehensive,democracy,TWEA,0,0,2,0,2,-5,4.32,0,1.1,1.573,9.095,73,0.177,0.296,1,2,2,1.2268591758999543,-0.7661298310918494,-0.40237998396233166,1.542991263208723,1.0813387306495745,-0.383540967648634,-0.49366357552266305
Cuba,CUB,2019,1,comprehensive,democracy,TWEA,0,0,14,0,14,-5,4.3896,0,0.92,1.742,9.13,74,0.181,0.301,1,14,14,1.326521353311471,-0.7790282710639723,-0.1396069722112125,1.5720539950325991,1.1627167333078277,-0.3573004333998384,-0.18519162970933453
Cuba,CUB,2020,1,comprehensive,democracy,TWEA,0,0,5,0,5,-5,4.1423,0,0.57,1.616,9.17,75,0.178,0.301,1,5,5,0.9724055993765822,-0.804108571009767,-0.3355205786055378,1.6052685456884563,1.244094735966081,-0.37698083408643507,-0.32626208934209566
DRC,COD,2006,1,targeted,human_rights,IEEPA,4,0,0,0,4,5,3.1244,1,24.03,1.64,5.543,61,0.251,0.116,1,4,4,-0.4851537452668592,0.8769881053569274,-0.29820370119709516,-1.4064608350314693,0.10480269875053569,0.1019089159540842,0.1446746424882101
DRC,COD,2007,1,targeted,human_rights,IEEPA,0,11,0,0,11,5,3.8112,1,25.76,1.638,5.684,62,0.355,0.265,1,11,11,0.4982942927536887,1.0009564450889983,-0.3013134409811321,-1.2893795439695699,0.18618070140878892,0.784162806422769,-0.15014276797087353
DRC,COD,2008,1,targeted,human_rights,IEEPA,0,0,0,0,0,5,2.9517,1,28.46,1.711,5.866,63,0.357,0.265,0,0,0,-0.7324476826083685,1.1944330446708429,-0.1878079388637845,-1.1382533384854163,0.2675587040670422,0.7972830735471669,0.1375594895962331
DRC,COD,2009,1,targeted,human_rights,IEEPA,0,255,0,0,255,5,3.0972,0,28.26,1.291,5.635,64,0.36,0.265,1,50,255,-0.524102182416188,1.1801014447018174,-0.8408532935115364,-1.3300673685229962,0.3489367067252954,0.8169634742337635,0.44069304622123573
DRC,COD,2010,1,targeted,human_rights,IEEPA,0,55,0,0,55,5,2.7903,0,25.96,1.304,5.865,65,0.352,0.243,1,50,55,-0.9635608353988706,1.0152880450580237,-0.8206399849152963,-1.1390837022518123,0.43031470938354865,0.7644824057361723,0.7907365494266995
DRC,COD,2011,1,targeted,human_rights,IEEPA,0,1211,0,0,1211,5,2.6757,1,28.88,1.474,5.92,66,0.347,0.236,1,50,1211,-1.1276597654471447,1.2245294046057964,-0.5563121032721589,-1.0934136951000077,0.5116927120418019,0.7316817379251779,0.6273307758912904
DRC,COD,2012,1,targeted,human_rights,IEEPA,0,9,0,0,9,5,3.1211,1,27.12,1.356,6.016,67,0.321,0.172,1,9,9,-0.48987910712688787,1.0984113248783718,-0.7397867505303365,-1.0136987735259484,0.5930707147000551,0.5611182653080068,0.362406072814103
DRC,COD,2013,1,targeted,human_rights,IEEPA,0,0,0,0,0,5,2.9732,1,25.75,1.309,6.132,68,0.319,0.157,0,0,0,-0.7016612341263628,1.0002398650905469,-0.8128656354552042,-0.9173765766239605,0.6744487173583084,0.5479979981836091,0.5703563049524087
DRC,COD,2014,1,targeted,human_rights,IEEPA,3,2,0,0,5,5,3.1629,1,24.56,1.3,6.193,69,0.318,0.158,2,5,5,-0.43002452356652276,0.914966845274845,-0.8268594644833701,-0.8667243868737771,0.7558267200165616,0.5414378646214101,0.3555698472709314
DRC,COD,2015,1,targeted,human_rights,IEEPA,0,0,0,0,0,5,3.1462,0,20.11,1.22,6.206,70,0.316,0.152,0,0,0,-0.4539377184339417,0.596088745964027,-0.9512490558448468,-0.8559296579106226,0.8372047226748148,0.5283175974970123,0.43180782607265095
DRC,COD,2016,1,targeted,human_rights,IEEPA,0,1248,0,0,1248,-3,3.2316,1,20.57,1.276,6.131,71,0.305,0.152,1,50,1248,-0.33165108120774084,0.6290514258927857,-0.8641763418918131,-0.9182069403903564,0.9185827253330681,0.4561561283128244,0.2866050181425701
DRC,COD,2017,1,targeted,human_rights,IEEPA,0,0,0,0,0,-3,2.87,1,24.77,1.339,6.066,72,0.304,0.15,0,0,0,-0.8494361868399918,0.9300150252423218,-0.7662195386946504,-0.972180585206126,0.9999607279913213,0.4495959947506255,0.6508546032310814
DRC,COD,2018,1,targeted,human_rights,IEEPA,0,4,0,0,4,-3,3.0538,1,18.42,1.573,6.25,73,0.306,0.153,1,4,4,-0.5862478505147494,0.47498672622576144,-0.40237998396233166,-0.819393652189179,1.0813387306495745,0.4627162618750233,0.23589440068807627
DRC,COD,2019,1,targeted,human_rights,IEEPA,0,1,0,0,1,-3,2.9377,1,12.75,1.742,6.223,74,0.344,0.196,1,1,1,-0.752494672317582,0.06868586710388762,-0.1396069722112125,-0.8418134738818833,1.1627167333078277,0.7120013372385812,0.10505350280732613
DRC,COD,2020,1,targeted,human_rights,IEEPA,0,1,0,0,1,-3,3.1006,1,15.93,1.616,6.187,75,0.347,0.199,1,1,1,-0.5192336277725219,0.2965583066113935,-0.3355205786055378,-0.8717065694721552,1.244094735966081,0.7316817379251779,0.174213567221689
DRC,COD,2021,1,targeted,human_rights,IEEPA,0,0,0,0,0,-3,2.6653,1,38.83,1.485,6.39,76,0.342,0.199,0,0,0,-1.1425518149454177,1.9375265030648163,-0.5392085344599556,-0.7031427248936762,1.3254727386243341,0.6988810701141837,0.6160736896812811
Eritrea,ERI,2010,1,targeted,national_security,IEEPA,0,0,0,0,0,-7,2.9885,0,2.52,1.304,6.291,65,0.068,0,0,0,0,-0.679752738229865,-0.6643754713117681,-0.8206399849152963,-0.7853487377669243,0.43031470938354865,-1.0985955259283133,0.5578322768470878
Eritrea,ERI,2011,1,targeted,national_security,IEEPA,0,0,0,0,0,-7,3.0356,0,26.96,1.474,6.535,66,0.068,0,0,0,0,-0.6123089371367263,1.0869460449031514,-0.5563121032721589,-0.5827399787661905,0.5116927120418019,-1.0985955259283133,0.3406348726708723
Ethiopia,ETH,2021,1,targeted,human_rights,IEEPA,0,0,0,0,0,1,3.0671,1,5.87,1.485,6.795,76,0.29,0.297,0,0,0,-0.5672032102909966,-0.42432117183059054,-0.5392085344599556,-0.3668453995031136,1.3254727386243341,0.35775412487984093,0.30584081176199035
Haiti,HTI,1991,1,comprehensive,democracy,IEEPA,4,0,0,0,4,-7,3.1667,0,0.75,3.158,6.208,46,0.327,0.264,1,4,4,-0.4245831977883077,-0.791210131037644,2.0620887948869218,-0.8542689303778298,-1.115867341123263,0.6004790666812002,-0.8755282546565271
Haiti,HTI,1992,1,comprehensive,democracy,IEEPA,0,0,0,0,0,-7,3.3825,0,1.17,3.057,5.757,47,0.18,0,0,0,0,-0.1155731706991492,-0.7611137711026904,1.9050469357930575,-1.2287629890226295,-1.0344893384650096,-0.3638605669620373,-0.22017231470030216
Haiti,HTI,1993,1,comprehensive,democracy,IEEPA,0,0,0,0,0,-7,3.2931,0,1.25,2.897,5.553,48,0.207,0,0,0,0,-0.24358751927083955,-0.7553811311150802,1.6562677530701044,-1.398157197367505,-0.9531113358067564,-0.1867369607826672,-0.4034461532186342
Haiti,HTI,1994,1,comprehensive,democracy,IEEPA,0,0,0,1,1,6,3.1712,0,1.19,2.785,5.677,49,0.232,0,1,1,0,-0.41813952252463243,-0.7596806111057879,1.4821223251640379,-1.2951920903343455,-0.8717333331485031,-0.022733621727694702,-0.6197339213671889
Iran,IRN,1979,1,comprehensive,terrorism,IEEPA,4,0,0,0,4,-6,1.985,1,36.96,1.623,7.763,34,0.159,0.189,1,4,4,-2.116692322029545,1.8035260433544278,-0.32463648936140876,0.43694672636865045,-2.0924033730223015,-0.501623371768214,0.68715556448192
Iran,IRN,1980,1,comprehensive,terrorism,IEEPA,0,0,0,0,0,-6,2.6421,1,34.49,1.839,7.77,35,0.167,0.312,0,0,0,-1.1757725407492563,1.6265307837369625,0.011215407314577753,0.44275927273342536,-2.0110253703640484,-0.4491423032706228,-0.013186767953798879
Iran,IRN,1981,1,comprehensive,terrorism,IEEPA,0,0,0,0,0,-6,2.6837,1,27.27,2.144,7.78,36,0.121,0.289,0,0,0,-1.1162043427561656,1.1091600248551408,0.4854507243802072,0.4510629103973904,-1.9296473677057953,-0.750908447131772,-0.5418622067473137
Iran,IRN,1982,1,comprehensive,terrorism,IEEPA,0,0,0,0,0,-6,3.0529,1,20,2.543,7.953,37,0.106,0.218,0,0,0,-0.587536585567484,0.588206365981063,1.1058438112955713,0.5947158419839764,-1.848269365047542,-0.8493104505647555,-0.649723697059533
Iran,IRN,1983,1,comprehensive,terrorism,IEEPA,0,0,0,0,0,-6,3.0099,1,16.24,2.471,8.131,38,0.104,0.218,0,0,0,-0.6491094825314964,0.31877228656338297,0.9938931790702423,0.7425205924025445,-1.7668913623892888,-0.8624307176891532,-0.6451454871578689
Iran,IRN,1984,1,comprehensive,terrorism,IEEPA,0,0,0,0,0,-6,2.9744,1,15.17,2.752,8.13,39,0.108,0.227,0,0,0,-0.6999429207227156,0.24209822672909648,1.4308116187274282,0.7416902286361485,-1.6855133597310354,-0.8361901834403577,-1.0014864634160727
Iran,IRN,1985,1,comprehensive,terrorism,IEEPA,0,0,0,0,0,-6,3.0851,1,13.36,2.984,8.198,40,0.109,0.24,0,0,0,-0.5414285092362935,0.11239724700941543,1.7915414336757103,0.7981549647511068,-1.6041353570727823,-0.8296300498781588,-0.9699916076700917
Iran,IRN,1986,1,comprehensive,terrorism,IEEPA,0,0,0,0,0,-6,3.1897,1,5.62,2.97,8.31,41,0.109,0.251,0,0,0,-0.3916488575517429,-0.44223567179187245,1.7697732551874523,0.8911557065875094,-1.522757354414529,-0.8296300498781588,-0.6931296735197948
Iran,IRN,1987,1,comprehensive,terrorism,IEEPA,3,0,0,0,3,-6,3.4664,1,12.16,2.855,7.829,42,0.171,0.251,1,3,3,0.004565574772493628,0.02640764719526232,1.5909632176053294,0.49175073495081606,-1.4413793517562759,-0.4229017690218272,0.007263661530264183
Iran,IRN,1988,1,comprehensive,terrorism,IEEPA,0,0,0,0,0,-6,4.094,1,11.69,2.899,7.712,43,0.177,0.269,0,0,0,0.9032434848797973,-0.007271612731947717,1.6593774928541416,0.3945981742824314,-1.3600013490980225,-0.383540967648634,1.498821909376676
Iran,IRN,1989,1,comprehensive,terrorism,IEEPA,0,0,0,0,0,-6,3.9634,0,18.4,2.995,7.662,44,0.168,0.295,0,0,0,0.7162337094495645,0.47355356622885864,1.8086450024879135,0.353079985962609,-1.2786233464397694,-0.4425821697084239,1.295412519209335
Iran,IRN,1990,1,comprehensive,terrorism,IEEPA,0,0,0,0,0,-6,3.9673,1,23.99,3.091,7.668,45,0.16,0.276,0,0,0,0.7218182280114166,0.8741217853631221,1.9579125121216856,0.3580621685609879,-1.197245343781516,-0.4950632382060151,1.4132569401010564
Iran,IRN,1993,1,comprehensive,terrorism,IEEPA,0,0,0,0,0,-6,3.924,1,30.84,2.897,6.945,48,0.162,0.289,0,0,0,0.6598157526964928,1.3649790843022465,1.6562677530701044,-0.24229083454364572,-0.9531113358067564,-0.4819429710816173,1.09283155415888
Iran,IRN,1994,1,comprehensive,terrorism,IEEPA,0,0,0,0,0,-6,4.1841,0,25.81,2.785,7.063,49,0.165,0.301,0,0,0,1.032260182936948,1.0045393450812545,1.4821223251640379,-0.14430791010886504,-0.8717333331485031,-0.4622625703950206,1.5299358625087645
Iran,IRN,1995,1,comprehensive,terrorism,IEEPA,0,0,0,0,0,-6,4.6881,0,20.77,3.039,7.346,50,0.165,0.301,0,0,0,1.7539518124686262,0.6433830258618112,1.8770592777367257,0.09068503578133076,-0.7903553304902499,-0.4622625703950206,3.2922715222973804
Iran,IRN,1996,1,comprehensive,terrorism,IEEPA,0,0,0,0,0,-6,4.7014,1,20.99,2.986,7.557,51,0.174,0.336,0,0,0,1.7729964526923778,0.6591477858277393,1.7946511734597477,0.26589179049098205,-0.7089773278319966,-0.4032213683352307,3.181910164364346
Iran,IRN,1997,1,comprehensive,terrorism,IEEPA,0,0,0,0,0,3,4.8214,1,19.76,2.844,7.49,52,0.218,0.38,0,0,0,1.944827793057063,0.5710084460182324,1.5738596487931262,0.21025741814241974,-0.6275993251737434,-0.1145754915984793,3.0608859873439
Iran,IRN,1998,1,comprehensive,terrorism,IEEPA,0,0,0,0,0,3,4.7732,0,13.4,2.661,7.444,53,0.231,0.427,0,0,0,1.8758088713439152,0.1152635670032206,1.289318458553749,0.1720606848881828,-0.5462213225154902,-0.0292937552898936,2.418515002542584
Iran,IRN,1999,1,comprehensive,terrorism,IEEPA,0,0,0,0,0,3,4.2288,1,18.63,2.386,7.461,54,0.234,0.427,0,0,0,1.0962673572227928,0.49003490619323803,0.8617292382486736,0.18617686891692273,-0.464843319857237,-0.009613354603296901,0.9446856346564838
Iran,IRN,2000,1,comprehensive,terrorism,IEEPA,0,0,0,0,0,3,3.6987,1,33.08,2.175,7.409,55,0.233,0.414,0,0,0,0.3372024111617966,1.5254930039553323,0.5336516910327789,0.1429979530643069,-0.38346531719898375,-0.0161734881654958,0.17994863693682314
Iran,IRN,2001,1,comprehensive,terrorism,IEEPA,0,0,0,0,0,3,3.7641,1,24.06,1.948,7.54,56,0.234,0.43,0,0,0,0.4308504916605499,0.8791378453522811,0.18069622554458947,0.2517756064622421,-0.3020873145407305,-0.009613354603296901,0.07785305761709199
Iran,IRN,2002,1,comprehensive,terrorism,IEEPA,0,0,0,0,0,3,3.9774,0,22.9,1.564,7.545,57,0.232,0.42,0,0,0,0.7362806991587776,0.7960145655319331,-0.41637381299049764,0.2559274252942243,-0.22070931188247725,-0.022733621727694702,-0.3065680021400497
Iran,IRN,2003,1,comprehensive,terrorism,IEEPA,0,0,0,3,3,3,3.8323,0,24.18,1.336,7.7,58,0.232,0.42,1,3,0,0.528507970101146,0.8877368053336965,-0.7708841483707056,0.3846338090856743,-0.13933130922422401,-0.022733621727694702,-0.4074184164385523
Iran,IRN,2004,1,comprehensive,terrorism,IEEPA,0,0,0,3,3,-7,3.9989,0,27.24,1.312,7.891,59,0.207,0.283,1,3,0,0.7670671476407838,1.107010284859787,-0.8082010257791487,0.5432332884673963,-0.05795330656597079,-0.1867369607826672,-0.6199444555647671
Iran,IRN,2005,1,comprehensive,terrorism,IEEPA,0,0,1,0,1,-6,3.9264,1,34.48,1.411,8.049,60,0.177,0.246,1,1,1,0.6632523795037868,1.6258142037385108,-0.6542689064693215,0.674430763558035,0.023424696092282447,-0.383540967648634,-0.433945409051118
Iran,IRN,2006,1,comprehensive,terrorism,IEEPA,0,32,0,0,32,-6,4.2479,1,34.78,1.64,8.194,61,0.173,0.236,1,32,32,1.1236171788975051,1.6473116036920494,-0.29820370119709516,0.7948335096855214,0.10480269875053569,-0.40978150189742957,-0.33506680147587464
Iran,IRN,2007,1,comprehensive,terrorism,IEEPA,0,41,0,0,41,-6,4.004,1,29.18,1.638,8.453,62,0.173,0.236,1,41,41,0.7743699796062824,1.2460268045593346,-0.3013134409811321,1.009897725182201,0.18618070140878892,-0.40978150189742957,-0.23332808314765804
Iran,IRN,2008,1,comprehensive,terrorism,IEEPA,0,35,1,0,36,-6,4.0091,1,33.52,1.711,8.59,63,0.167,0.202,2,36,36,0.7816728115717823,1.5570225238871889,-0.1878079388637845,1.123657561178515,0.2675587040670422,-0.4491423032706228,-0.14680435960715582
Iran,IRN,2009,1,comprehensive,terrorism,IEEPA,0,0,1,1,2,-7,4.3583,1,20.34,1.291,8.597,64,0.158,0.159,2,2,1,1.2817020120330158,0.6125700859284063,-0.8408532935115364,1.1294701075432898,0.3489367067252954,-0.5081835053304129,-1.077723358118324
Iran,IRN,2010,1,comprehensive,terrorism,IEEPA,0,77,2,0,79,-7,3.8971,1,23.07,1.304,8.747,65,0.144,0.127,2,52,79,0.621296893898076,0.8081964255056049,-0.8206399849152963,1.2540246725027577,0.43031470938354865,-0.6000253752011975,-0.5098610736364375
Iran,IRN,2011,1,comprehensive,terrorism,IEEPA,0,0,1,1,2,-7,4.4478,1,25.35,1.474,8.99,66,0.145,0.127,2,2,1,1.4098595533883436,0.971576665152496,-0.5563121032721589,1.4558030677370954,0.5116927120418019,-0.5934652416389986,-0.784321933463816
Iran,IRN,2012,1,comprehensive,terrorism,IEEPA,9,8,3,3,23,-7,3.9712,0,21.12,1.356,9.001,67,0.158,0.235,4,23,20,0.7274027465732692,0.668463325807606,-0.7397867505303365,1.4649370691674557,0.5930707147000551,-0.5081835053304129,-0.5381229142142807
Iran,IRN,2013,1,comprehensive,terrorism,IEEPA,0,0,11,1,12,-7,4.2699,0,24.95,1.309,8.736,68,0.174,0.334,2,12,11,1.1551195912976977,0.9429134652144447,-0.8128656354552042,1.2448906710723975,0.6744487173583084,-0.4032213683352307,-0.9389570206069587
Iran,IRN,2014,1,comprehensive,terrorism,IEEPA,0,0,11,0,11,-7,4.2033,0,24.86,1.3,8.643,69,0.183,0.382,1,11,11,1.0597531973952972,0.9364642452283832,-0.8268594644833701,1.1676668407975275,0.7558267200165616,-0.34418016627544057,-0.8762669612828147
Iran,IRN,2015,1,comprehensive,terrorism,IEEPA,0,0,10,0,10,-7,4.1581,0,15.23,1.22,8.508,70,0.186,0.382,1,10,10,0.9950300591912664,0.24639770671980418,-0.9512490558448468,1.0555677323340054,0.8372047226748148,-0.3244997655888439,-0.9465214043429342
Iran,IRN,2016,1,comprehensive,terrorism,IEEPA,2,0,12,0,14,-7,3.7645,1,13.14,1.276,8.65,71,0.186,0.382,2,14,14,0.4314232627950988,0.09663248704348744,-0.8641763418918131,1.1734793871623024,0.9185827253330681,-0.3244997655888439,-0.37282577704929887
Iran,IRN,2017,1,comprehensive,terrorism,IEEPA,0,0,9,0,9,-7,4.382,1,17.47,1.339,8.7,72,0.185,0.37,1,9,9,1.3156387017550408,0.40691162637288997,-0.7662195386946504,1.214997575482124,0.9999607279913213,-0.3310598991510428,-1.0080680791475762
Iran,IRN,2018,1,comprehensive,terrorism,IEEPA,3,0,6,0,9,-7,3.8945,1,34.24,1.573,8.473,73,0.182,0.367,2,9,9,0.6175738815235076,1.6086162837756806,-0.40237998396233166,1.026505000510131,1.0813387306495745,-0.3507402998376395,-0.24849936854298388
Iran,IRN,2019,1,comprehensive,terrorism,IEEPA,9,0,14,0,23,-7,4.4766,1,27.8,1.742,8.293,74,0.181,0.367,2,23,23,1.4510990750758685,1.1471387647730587,-0.1396069722112125,0.8770395225587687,1.1627167333078277,-0.3573004333998384,-0.20258354824983293
Iran,IRN,2020,1,comprehensive,terrorism,IEEPA,3,0,5,4,12,-7,4.1619,1,23.24,1.616,8.072,75,0.165,0.266,3,12,8,1.0004713849694815,0.8203782854792764,-0.3355205786055378,0.693529130185153,1.244094735966081,-0.4622625703950206,-0.3356787379632442
Iran,IRN,2021,1,comprehensive,terrorism,IEEPA,0,0,8,3,11,-7,4.0954,1,30.45,1.485,8.435,76,0.158,0.241,2,11,8,0.9052481838507178,1.3370324643626468,-0.5392085344599556,0.9949511773870657,1.3254727386243341,-0.5081835053304129,-0.48811754653668205
Iraq,IRQ,1990,1,comprehensive,national_security,IEEPA,7,0,0,0,7,-9,4.1101,1,9.5,3.091,9.236,45,0.081,0.044,1,7,7,0.9262975230453923,-0.16420263239277721,1.9579125121216856,1.6600725542706227,-1.197245343781516,-1.0133137896197275,1.8136095103178989
Iraq,IRQ,1994,1,comprehensive,national_security,IEEPA,0,0,0,3,3,-9,4.694,1,67.44,2.785,5.289,49,0.083,0.044,1,3,0,1.7624001867032226,3.987661878633918,1.4821223251640379,-1.6173732316961682,-0.8717333331485031,-1.0001935224953298,2.612092662586115
Iraq,IRQ,1995,1,comprehensive,national_security,IEEPA,0,0,0,0,0,-9,4.7225,1,23.08,3.039,6.428,50,0.097,0.047,0,0,0,1.8032101300398358,0.808913005504056,1.8770592777367257,-0.6715889017706109,-0.7903553304902499,-0.9083516526245454,3.384732304300121
Iraq,IRQ,2005,1,comprehensive,national_security,IEEPA,0,627,0,8,635,0,3.8925,1,65.32,1.411,7.474,60,0.237,0.098,2,58,627,0.6147100258507632,3.835746918962247,-0.6542689064693215,0.1969715978800765,0.023424696092282447,0.010067046083299615,-0.40218565640910714
Iraq,IRQ,2006,1,comprehensive,national_security,IEEPA,0,70,0,5,75,-3,3.0951,1,63.73,1.64,7.73,61,0.397,0.428,2,55,70,-0.52710923087257,3.721810699208494,-0.29820370119709516,0.40954472207756804,0.10480269875053569,1.0596884160351228,0.15718592358135453
Iraq,IRQ,2007,1,comprehensive,national_security,IEEPA,0,350,0,5,355,-3,3.4052,1,53.22,1.638,8.048,62,0.426,0.428,2,55,350,-0.08306840881349634,2.968685120836203,-0.3013134409811321,0.673600399791639,0.18618070140878892,1.2499322893388904,0.025029628096421983
Iraq,IRQ,2008,1,comprehensive,national_security,IEEPA,0,53,0,5,58,-3,3.259,1,55.69,1.711,8.421,63,0.426,0.432,2,55,53,-0.2924162584911376,3.1456803804536686,-0.1878079388637845,0.9833260846575145,0.2675587040670422,1.2499322893388904,0.05491809479748018
Iraq,IRQ,2009,1,comprehensive,national_security,IEEPA,0,0,0,5,5,-3,3.2558,1,39.51,1.291,8.22,64,0.425,0.432,1,5,0,-0.29699842756752937,1.986253942959503,-0.8408532935115364,0.816422967611829,0.3489367067252954,1.2433721557766917,0.24973210598790455
Iraq,IRQ,2010,1,comprehensive,national_security,IEEPA,0,367,0,3,370,3,3.1631,1,43.57,1.304,8.403,65,0.414,0.407,2,53,367,-0.4297381379992483,2.2771854223307213,-0.8206399849152963,0.9683795368623792,0.43031470938354865,1.1712106865925038,0.35266029908523067
Iraq,IRQ,2011,1,comprehensive,national_security,IEEPA,0,28,0,3,31,3,2.9576,1,51.19,1.474,8.661,66,0.413,0.401,2,31,28,-0.723999308373772,2.823219381150594,-0.5563121032721589,1.1826133885926629,0.5116927120418019,1.1646505530303048,0.40276957800900143
Iraq,IRQ,2012,1,comprehensive,national_security,IEEPA,0,0,0,1,1,3,3.0268,1,49.85,1.356,8.776,67,0.41,0.401,1,1,0,-0.6249099020968031,2.727197661358123,-0.7397867505303365,1.2781052217282547,0.5930707147000551,1.1449701523437081,0.46230006584642463
Iraq,IRQ,2013,1,comprehensive,national_security,IEEPA,0,0,0,1,1,3,3.0628,1,45.58,1.309,8.802,68,0.414,0.382,1,1,0,-0.5733604999873975,2.4212180020194283,-0.8128656354552042,1.2996946796545623,0.6744487173583084,1.1712106865925038,0.46606504716716946
Iraq,IRQ,2014,1,comprehensive,national_security,IEEPA,2,3,0,5,10,6,3.2458,1,46.85,1.3,8.74,69,0.403,0.362,3,10,5,-0.3113177059312528,2.51222366182274,-0.8268594644833701,1.2482121261379828,0.7558267200165616,1.0990492174083162,0.257415991610507
Iraq,IRQ,2015,1,comprehensive,national_security,IEEPA,0,9,0,5,14,6,3.3293,1,37.5,1.22,8.398,70,0.396,0.349,2,14,9,-0.1917517315941595,1.8422213632707967,-0.9512490558448468,0.9642277180303963,0.8372047226748148,1.053128282472924,0.18240365363555872
Iraq,IRQ,2016,1,comprehensive,national_security,IEEPA,0,322,0,5,327,6,3.3587,1,33.22,1.276,8.374,71,0.39,0.33,2,55,322,-0.14965305320481181,1.5355251239336503,-0.8641763418918131,0.9442989876368822,0.9185827253330681,1.0137674810997306,0.12932662807147516
Iraq,IRQ,2017,1,comprehensive,national_security,IEEPA,0,57,0,5,62,6,3.5648,1,39.2,1.339,8.468,72,0.375,0.33,2,55,57,0.1454672738715352,1.9640399630075138,-0.7662195386946504,1.0223531816781481,0.9999607279913213,0.915365477666747,-0.11145986748101609
Iraq,IRQ,2018,1,comprehensive,national_security,IEEPA,0,40,0,3,43,6,3.2987,1,46.15,1.573,8.639,73,0.398,0.342,2,43,40,-0.23556872338715384,2.46206306193115,-0.40237998396233166,1.1643453857319406,1.0813387306495745,1.0662485495973217,0.0947881391385499
Iraq,IRQ,2019,1,comprehensive,national_security,IEEPA,0,0,0,3,3,6,3.4976,1,40.61,1.742,8.643,74,0.393,0.365,1,3,0,0.049241723267311306,2.0650777427891436,-0.1396069722112125,1.1676668407975275,1.1627167333078277,1.0334478817863273,-0.0068744878918117445
Iraq,IRQ,2020,1,comprehensive,national_security,IEEPA,0,1,0,3,4,6,3.4253,1,27.42,1.616,8.365,75,0.376,0.359,2,4,1,-0.05428665930241124,1.1199087248319102,-0.3355205786055378,0.9368257137393139,1.244094735966081,0.9219256112289459,0.01821429133970672
Iraq,IRQ,2021,1,comprehensive,national_security,IEEPA,0,0,0,3,3,6,3.3502,1,43.45,1.485,8.491,76,0.374,0.37,1,3,0,-0.16182443981397662,2.2685864623493064,-0.5392085344599556,1.0414515483052662,1.3254727386243341,0.9088053441045482,0.08725711903189763
Laos,LAO,1984,1,comprehensive,national_security,TWEA,0,0,0,0,0,-7,4.0058,0,1.92,2.752,6.18,39,0.069,0,0,0,0,0.776947449711753,-0.7073702712188447,1.4308116187274282,-0.8775191158369309,-1.6855133597310354,-1.0920353923661144,1.1116654381882205
Laos,LAO,1985,1,comprehensive,national_security,TWEA,0,0,0,0,0,-7,4.1414,0,1.52,2.984,6.45,40,0.069,0,0,0,0,0.9711168643238475,-0.7360334711568958,1.7915414336757103,-0.6533208989098889,-1.6041353570727823,-1.0920353923661144,1.739796099377406
Laos,LAO,1986,1,comprehensive,national_security,TWEA,0,0,0,0,0,-7,4.256,0,2.88,2.97,6.135,41,0.069,0,0,0,0,1.1352157943721222,-0.6385785913675223,1.7697732551874523,-0.9148854853247711,-1.522757354414529,-1.0920353923661144,2.0090745517461603
Laos,LAO,1987,1,comprehensive,national_security,TWEA,0,0,0,0,0,-7,4.2445,0,5.01,2.855,5.616,42,0.07,0,0,0,0,1.11874862425384,-0.4859470516974003,1.5909632176053294,-1.345844280084529,-1.4413793517562759,-1.0854752588039156,1.779887910934425
Laos,LAO,1988,1,comprehensive,national_security,TWEA,0,0,0,0,0,-7,4.0275,0,9.13,2.899,4.991,43,0.07,0,0,0,0,0.8080202837610336,-0.19071609233547437,1.6593774928541416,-1.8648216340823105,-1.3600013490980225,-1.0854752588039156,1.340810672642676
Laos,LAO,1989,1,comprehensive,national_security,TWEA,0,14,0,0,14,-7,3.7321,0,7.8,2.995,5.138,44,0.113,0.085,1,14,14,0.3850288008966338,-0.2860212321294942,1.8086450024879135,-1.7427581604220321,-1.2786233464397694,-0.8033895156293631,0.6963804165556107
Laos,LAO,1990,1,comprehensive,national_security,TWEA,0,15,0,0,15,-7,3.6932,0,6.88,3.091,5.302,45,0.116,0.11,1,15,15,0.32932680806174847,-0.3519465919870116,1.9579125121216856,-1.6065785027330144,-1.197245343781516,-0.7837091149427664,0.6447930780811941
Laos,LAO,1991,1,comprehensive,national_security,TWEA,0,24,0,0,24,-7,3.6436,0,6.99,3.158,5.446,46,0.085,0.109,1,24,24,0.25830318737767877,-0.3440642120040476,2.0620887948869218,-1.4870061203719256,-1.115867341123263,-0.987073255370932,0.5326441083750884
Laos,LAO,1992,1,comprehensive,national_security,TWEA,0,29,0,0,29,-7,3.6762,0,7.1,3.057,5.511,47,0.085,0.109,1,29,29,0.3049840348434182,-0.33618183202108354,1.9050469357930575,-1.4330324755561559,-1.0344893384650096,-0.987073255370932,0.5810089010442568
Laos,LAO,1993,1,comprehensive,national_security,TWEA,0,43,0,0,43,-7,3.8366,0,6.1,2.897,5.647,48,0.085,0.119,1,43,43,0.5346652597975469,-0.4078398318662112,1.6562677530701044,-1.3201030033262384,-0.9531113358067564,-0.987073255370932,0.8855488284895265
Laos,LAO,1994,1,comprehensive,national_security,TWEA,0,18,0,0,18,-7,4.0367,0,6.44,2.785,5.771,49,0.085,0.119,1,18,18,0.8211940198556593,-0.38347611191886777,1.4821223251640379,-1.217137896293079,-0.8717333331485031,-0.987073255370932,1.2171099901192728
Laos,LAO,1995,1,comprehensive,national_security,TWEA,0,42,0,0,42,-7,4.4521,0,9.06,3.039,5.88,50,0.085,0.119,1,42,42,1.4160168430847446,-0.19573215232463334,1.8770592777367257,-1.1266282457558658,-0.7903553304902499,-0.987073255370932,2.657947552743689
Lebanon,LBN,2007,1,targeted,terrorism,IEEPA,4,0,0,0,4,6,3.4491,0,0,1.638,8.542,62,0.442,0.327,1,4,4,-0.020206776796748618,-0.8449536309214898,-0.3013134409811321,1.0838001003914852,0.18618070140878892,1.354894426334073,0.006088573447766025
Lebanon,LBN,2008,1,targeted,terrorism,IEEPA,0,0,0,0,0,6,3.3708,0,0,1.711,8.685,63,0.443,0.332,0,0,0,-0.13232672638470575,-0.8449536309214898,-0.1878079388637845,1.2025421189861782,0.2675587040670422,1.3614545598962717,0.024852009738903554
Lebanon,LBN,2009,1,targeted,terrorism,IEEPA,0,0,0,0,0,6,3.309,0,0,1.291,8.867,64,0.467,0.362,0,0,0,-0.2208198666725184,-0.8449536309214898,-0.8408532935115364,1.3536683244703327,0.3489367067252954,1.5188977653890454,0.18567711216436544
Lebanon,LBN,2010,1,targeted,terrorism,IEEPA,0,0,0,0,0,6,3.1513,0,0,1.304,8.939,65,0.466,0.386,0,0,0,-0.4466348864684424,-0.8449536309214898,-0.8206399849152963,1.4134545156508764,0.43031470938354865,1.5123376318268464,0.36652644649410765
Lebanon,LBN,2011,1,targeted,terrorism,IEEPA,0,0,0,0,0,6,3.2028,0,0,1.474,8.966,66,0.479,0.386,0,0,0,-0.3728906028952652,-0.8449536309214898,-0.5563121032721589,1.4358743373435798,0.5116927120418019,1.5976193681354318,0.20744355558708835
Lebanon,LBN,2012,1,targeted,terrorism,IEEPA,0,0,0,0,0,6,3.3702,0,0,1.356,9.037,67,0.477,0.386,0,0,0,-0.13318588308652907,-0.8449536309214898,-0.7397867505303365,1.4948301647577291,0.5930707147000551,1.584499101011034,0.09852915166509664
Lebanon,LBN,2013,1,targeted,terrorism,IEEPA,0,0,0,0,0,6,3.4582,0,0,1.309,9.007,68,0.486,0.418,0,0,0,-0.0071762334857598375,-0.8449536309214898,-0.8128656354552042,1.4699192517658346,0.6744487173583084,1.6435403030708242,0.005833313592577085
Lebanon,LBN,2014,1,targeted,terrorism,IEEPA,0,0,0,0,0,6,3.3839,1,0,1.3,8.933,69,0.486,0.418,0,0,0,-0.11356847172822745,-0.8449536309214898,-0.8268594644833701,1.4084723330524975,0.7558267200165616,1.6435403030708242,0.09390516571539691
Lebanon,LBN,2015,1,targeted,terrorism,IEEPA,0,0,0,0,0,6,3.4623,1,0,1.22,8.951,70,0.48,0.418,0,0,0,-0.001305329356633422,-0.8449536309214898,-0.9512490558448468,1.4234188808476342,0.8372047226748148,1.6041795016976308,0.001241693318064104
Lebanon,LBN,2016,1,targeted,terrorism,IEEPA,0,0,0,0,0,6,3.2323,0,0,1.276,8.998,71,0.479,0.411,0,0,0,-0.33064873172228,-0.8449536309214898,-0.8641763418918131,1.4624459778682664,0.9185827253330681,1.5976193681354318,0.28573881143092744
Lebanon,LBN,2017,1,targeted,terrorism,IEEPA,0,0,0,0,0,6,3.5988,1,0,1.339,9.06,72,0.47,0.432,0,0,0,0.1941528203081964,-0.8449536309214898,-0.7662195386946504,1.5139285313848472,0.9999607279913213,1.5385781660756417,-0.1487636844128116
Lebanon,LBN,2018,1,targeted,terrorism,IEEPA,0,0,0,0,0,6,3.589,0,0,1.573,9.124,73,0.44,0.36,0,0,0,0.18011992751174674,-0.8449536309214898,-0.40237998396233166,1.5670718124342202,1.0813387306495745,1.341774159209675,-0.07247665354347299
Lebanon,LBN,2019,1,targeted,terrorism,IEEPA,0,0,0,0,0,6,3.6783,0,0,1.742,9.094,74,0.429,0.335,0,0,0,0.3079910832998002,-0.8449536309214898,-0.1396069722112125,1.5421608994423257,1.1627167333078277,1.2696126900254872,-0.04299770260753644
Lebanon,LBN,2020,1,targeted,terrorism,IEEPA,0,1,0,0,1,6,3.5426,0,0,1.616,8.624,75,0.436,0.342,1,1,1,0.11367847590406878,-0.8449536309214898,-0.3355205786055378,1.151889929235995,1.244094735966081,1.3155336249608796,-0.03814146801032885
Lebanon,LBN,2021,1,targeted,terrorism,IEEPA,0,0,0,0,0,6,3.5112,0,0,1.485,8.305,76,0.433,0.331,0,0,0,0.06871594184197602,-0.8449536309214898,-0.5392085344599556,0.8870038877555265,1.3254727386243341,1.2958532242742828,-0.037052222294647434
Liberia,LBR,2005,1,targeted,human_rights,IEEPA,0,0,0,0,0,5,3.0792,0,20.05,1.411,5.661,60,0.276,0.13,0,0,0,-0.5498768834708905,0.5917892659733194,-0.6542689064693215,-1.3084779105966888,0.023424696092282447,0.2659122550090567,0.35976734724125803
Liberia,LBR,2006,1,targeted,human_rights,IEEPA,0,0,0,0,0,6,3.146,0,17.65,1.64,5.77,61,0.643,0.625,0,0,0,-0.45422410400121616,0.41981006634501294,-0.29820370119709516,-1.2179682600594757,0.10480269875053569,2.673481272336051,0.13545130898609695
Liberia,LBR,2007,1,targeted,human_rights,IEEPA,0,0,0,0,0,6,3.0971,0,21.58,1.638,5.925,62,0.655,0.625,0,0,0,-0.524245375199825,0.7014260057363645,-0.3013134409811321,-1.0892618762680257,0.18618070140878892,2.752202875082437,0.1579621779199039
Liberia,LBR,2008,1,targeted,human_rights,IEEPA,0,1746,0,0,1746,6,3.0186,0,21.77,1.711,6.113,63,0.655,0.625,1,50,1746,-0.6366517103550565,0.7150410257069388,-0.1878079388637845,-0.9331534881854924,0.2675587040670422,2.752202875082437,0.1195682454958863
Liberia,LBR,2009,1,targeted,human_rights,IEEPA,0,50,0,0,50,6,2.751,0,22.08,1.291,6.106,64,0.657,0.625,1,50,50,-1.0198355993683048,0.7372550056589283,-0.8408532935115364,-0.9389660345502681,0.3489367067252954,2.765323142206835,0.8575321225691508
Liberia,LBR,2010,1,targeted,human_rights,IEEPA,0,59,0,0,59,6,2.5332,0,18.36,1.304,6.199,65,0.649,0.625,1,50,59,-1.3317094821302085,0.4706872462350536,-0.8206399849152963,-0.8617422042753982,0.43031470938354865,2.7128420737092442,1.0928540493268915
Liberia,LBR,2011,1,targeted,human_rights,IEEPA,0,47,0,0,47,6,2.6348,0,23.27,1.474,6.342,66,0.646,0.618,1,47,47,-1.186225613954775,0.8225280254746303,-0.5563121032721589,-0.7430001856807059,0.5116927120418019,2.6931616730226473,0.6599116662544889
Liberia,LBR,2012,1,targeted,human_rights,IEEPA,0,1178,0,0,1178,6,2.7406,0,26.71,1.356,6.459,67,0.64,0.6,1,50,1178,-1.0347276488665773,1.0690315449418695,-0.7397867505303365,-0.6458476250123212,0.5930707147000551,2.653800871649454,0.7654778050389003
Liberia,LBR,2013,1,targeted,human_rights,IEEPA,0,65,0,0,65,6,2.4948,0,28.37,1.309,6.566,68,0.618,0.576,1,50,65,-1.3866955110469075,1.1879838246847814,-0.8128656354552042,-0.5569987020079008,0.6744487173583084,2.509477933281078,1.1271971277700235
Liberia,LBR,2014,1,targeted,human_rights,IEEPA,0,52,0,0,52,6,2.8148,0,26.18,1.3,6.561,69,0.611,0.576,1,50,52,-0.9284786034077471,1.0310528050239518,-0.8268594644833701,-0.561150520839883,0.7558267200165616,2.4635569983456858,0.7677213207979972
Liberia,LBR,2015,1,targeted,human_rights,IEEPA,1,11,0,0,12,6,2.5618,0,19.45,1.22,6.54,70,0.611,0.576,2,12,12,-1.2907563460099585,0.5487944660662427,-0.9512490558448468,-0.5785881599342084,0.8372047226748148,2.4635569983456858,1.2278307554677172
Libya,LBY,1990,1,comprehensive,terrorism,IEEPA,0,0,0,0,0,-7,3.9494,0,40.39,3.091,8.78,45,0.072,0,0,0,0,0.696186719740351,2.0493129828232157,1.9579125121216856,1.2814266767938403,-1.197245343781516,-1.0723549916795176,1.3630726893525864
Libya,LBY,1991,1,comprehensive,terrorism,IEEPA,0,0,0,0,0,-7,3.8693,0,23.97,3.158,8.859,46,0.072,0,0,0,0,0.5814893000469239,0.8726886253662196,2.0620887948869218,1.3470254143391602,-1.115867341123263,-1.0723549916795176,1.199082569973401
Libya,LBY,1992,1,comprehensive,terrorism,IEEPA,0,0,0,0,0,-7,3.7409,0,22.95,3.057,8.896,47,0.072,0,0,0,0,0.3976297658567106,0.7995974655241894,1.9050469357930575,1.3777488736958297,-1.0344893384650096,-1.0723549916795176,0.7575033670254375
Libya,LBY,1993,1,comprehensive,terrorism,IEEPA,0,0,0,0,0,-7,4.1204,0,22.89,2.897,8.776,48,0.072,0,0,0,0,0.9410463797600277,0.7952979855334819,1.6562677530701044,1.2781052217282547,-0.9531113358067564,-1.0723549916795176,1.5586247729398972
Libya,LBY,1994,1,comprehensive,terrorism,IEEPA,0,0,0,0,0,-7,4.4388,0,22.58,2.785,8.688,49,0.072,0,0,0,0,1.3969722028609919,0.7730840055814922,1.4821223251640379,1.2050332102853678,-0.8717333331485031,-1.0723549916795176,2.0704836894938614
Libya,LBY,1995,1,comprehensive,terrorism,IEEPA,0,0,0,0,0,-7,4.8322,0,27.63,3.039,8.557,50,0.072,0,0,0,0,1.9602926136898855,1.1349569047993868,1.8770592777367257,1.0962555568874326,-0.7903553304902499,-1.0723549916795176,3.6795854376053745
Libya,LBY,1996,1,comprehensive,terrorism,IEEPA,0,0,0,0,0,-7,5.145,0,31.9,2.986,8.629,51,0.072,0,0,0,0,2.408199640907164,1.4409365641380818,1.7946511734597477,1.1560417480679763,-0.7089773278319966,-1.0723549916795176,4.321878311479384
Libya,LBY,1997,1,comprehensive,terrorism,IEEPA,0,0,0,0,0,-7,4.9648,0,27.19,2.844,8.71,52,0.072,0,0,0,0,2.150166244792863,1.1034273848675307,1.5738596487931262,1.2233012131460899,-0.6275993251737434,-1.0723549916795176,3.3840598908765305
Libya,LBY,1998,1,comprehensive,terrorism,IEEPA,0,0,0,0,0,-7,4.9942,0,18.69,2.661,8.576,53,0.072,0,0,0,0,2.1922649231822104,0.4943343861839459,1.289318458553749,1.1120324684489653,-0.5462213225154902,-1.0723549916795176,2.8265276314987404
Libya,LBY,1999,1,comprehensive,terrorism,IEEPA,0,0,0,0,0,-7,4.3069,0,20.2,2.386,8.838,54,0.072,0,0,0,0,1.2081009212434755,0.6025379659500885,0.8617292382486736,1.3295877752448342,-0.464843319857237,-1.0723549916795176,1.041055886590661
Libya,LBY,2000,1,comprehensive,terrorism,IEEPA,0,0,0,0,0,-7,3.9588,0,34.26,2.175,8.884,55,0.072,0,0,0,0,0.7096468414022518,1.610049443772583,0.5336516910327789,1.3677845084990718,-0.38346531719898375,-1.0723549916795176,0.3787042369503819
Libya,LBY,2001,1,comprehensive,terrorism,IEEPA,0,2,0,0,2,-7,4.2345,0,30.39,1.948,8.75,56,0.072,0,1,2,2,1.1044293458901153,1.332732984371939,0.18069622554458947,1.2565157638019473,-0.3020873145407305,-1.0723549916795176,0.1995662141830237
Libya,LBY,2002,1,comprehensive,terrorism,IEEPA,0,0,0,0,0,-7,4.1465,0,49.62,1.564,8.221,57,0.072,0,0,0,0,0.9784196962893461,2.7107163213937433,-0.41637381299049764,0.817253331378225,-0.22070931188247725,-1.0723549916795176,-0.4073883396489997
Libya,LBY,2003,1,comprehensive,terrorism,IEEPA,0,0,0,0,0,-7,4.148,0,48.72,1.336,8.45,58,0.072,0,0,0,0,0.9805675880439048,2.646224121533129,-0.7708841483707056,1.0074066338830114,-0.13933130922422401,-1.0723549916795176,-0.7559040100291424
Libya,LBY,2004,1,comprehensive,terrorism,IEEPA,0,0,0,0,0,-7,4.2039,0,55.85,1.312,8.661,59,0.072,0,0,0,0,1.060612354097121,3.1571456604288888,-0.8082010257791487,1.1826133885926629,-0.05795330656597079,-1.0723549916795176,-0.8571879925353308
Libya,LBY,2005,1,comprehensive,terrorism,IEEPA,0,0,0,0,0,-7,3.8968,0,62.33,1.411,8.997,60,0.072,0,0,0,0,0.620867315547164,3.621489499425316,-0.6542689064693215,1.4616156141018704,0.023424696092282447,-1.0723549916795176,-0.40621417960558615
Libya,LBY,2006,1,comprehensive,terrorism,IEEPA,0,1,0,0,1,-7,3.8949,0,62.29,1.64,9.215,61,0.072,0,1,1,1,0.6181466526580565,3.6186231794315105,-0.29820370119709516,1.6426349151762965,0.10480269875053569,-1.0723549916795176,-0.18433361970522763
Libya,LBY,2007,1,comprehensive,terrorism,IEEPA,0,2,0,0,2,-7,4.1046,0,61.37,1.638,9.319,62,0.072,0,1,2,2,0.9184219199453435,3.552697819573993,-0.3013134409811321,1.7289927468815283,0.18618070140878892,-1.0723549916795176,-0.2767328689712293
Libya,LBY,2008,1,comprehensive,terrorism,IEEPA,0,0,1,0,1,-7,4.095,0,66.06,1.711,9.54,63,0.072,0,1,1,1,0.9046754127161689,3.8887738388476425,-0.1878079388637845,1.9125031392551424,0.2675587040670422,-1.0723549916795176,-0.16990522460296725
Libya,LBY,2009,1,comprehensive,terrorism,IEEPA,0,0,1,0,1,-7,4.0517,0,51.73,1.291,9.164,64,0.071,0,1,1,1,0.8426729374012458,2.8619147010669623,-0.8408532935115364,1.6002863630900774,0.3489367067252954,-1.0789151252417166,-0.7085643147668783
Libya,LBY,2010,1,comprehensive,terrorism,IEEPA,0,0,2,0,2,-7,3.7262,0,55.97,1.304,9.359,65,0.071,0,1,2,2,0.3765804266620368,3.165744620410304,-0.8206399849152963,1.7622072975373855,0.43031470938354865,-1.0789151252417166,-0.30903695565532974
Libya,LBY,2011,1,comprehensive,terrorism,IEEPA,0,23,0,3,26,0,3.5783,1,37.56,1.474,8.935,66,0.175,0,2,26,23,0.1647982996625624,1.8465208432615043,-0.5563121032721589,1.4101330605852909,0.5116927120418019,-0.3966612347730318,-0.0916792887009556
Libya,LBY,2012,1,comprehensive,terrorism,IEEPA,0,0,3,0,3,0,3.03,0,59.1,1.356,9.614,67,0.329,0.333,1,3,3,-0.620327733020412,3.3900341599255532,-0.7397867505303365,1.973950057968481,0.5930707147000551,0.6135993338055981,0.4589102378750207
Libya,LBY,2013,1,comprehensive,terrorism,IEEPA,0,1,0,0,1,0,2.9944,1,47.74,1.309,9.389,68,0.54,0.669,1,1,1,-0.671304363995268,2.5759992816849033,-0.8128656354552042,1.7871182105292784,0.6744487173583084,1.9977875154295648,0.5456802484228652
Libya,LBY,2014,1,comprehensive,terrorism,IEEPA,0,1,0,0,1,0,3.1718,1,31.02,1.3,9.097,69,0.28,0,1,1,1,-0.4172803658228084,1.3778775242743695,-0.8268594644833701,1.544651990741515,0.7558267200165616,0.2921527892578523,0.34503221982367216
Libya,LBY,2015,1,comprehensive,terrorism,IEEPA,0,1,0,0,1,0,2.9811,1,16.39,1.22,8.917,70,0.285,0,1,1,1,-0.6903490042190208,0.32952098654015227,-0.9512490558448468,1.3951865127901544,0.8372047226748148,0.32495345706884643,0.6566938384667736
Libya,LBY,2016,1,comprehensive,terrorism,IEEPA,3,2,0,5,10,0,3.2052,1,12.25,1.276,8.926,71,0.285,0,3,10,5,-0.36945397608797126,0.032856867181323794,-0.8641763418918131,1.4026597866877226,0.9185827253330681,0.32495345706884643,0.31927338555308843
Libya,LBY,2017,1,comprehensive,terrorism,IEEPA,0,0,0,3,3,0,3.2555,1,22.16,1.339,9.207,72,0.273,0,1,3,0,-0.2974280059184407,0.7429876456465386,-0.7662195386946504,1.6359920050451258,0.9999607279913213,0.24623185432246,0.22789514948969739
Libya,LBY,2018,1,comprehensive,terrorism,IEEPA,0,8,0,3,11,0,3.3427,1,31.62,1.573,9.323,73,0.268,0,2,11,8,-0.17256389858676988,1.4208723241814463,-0.40237998396233166,1.7323142019471136,1.0813387306495745,0.2134311865114655,0.06943625874582189
Libya,LBY,2019,1,comprehensive,terrorism,IEEPA,0,0,6,3,9,0,3.2802,1,34.5,1.742,9.207,74,0.263,0,2,9,6,-0.2620593883600434,1.6272473637354137,-0.1396069722112125,1.6359920050451258,1.1627167333078277,0.180630518700471,0.03658531774846792
Libya,LBY,2020,1,comprehensive,terrorism,IEEPA,0,0,0,0,0,0,3.0179,1,11.48,1.616,8.802,75,0.266,0,0,0,0,-0.6376540598405174,-0.022319792699424454,-0.3355205786055378,1.2996946796545623,1.244094735966081,0.2003109193870677,0.2139460591078606
Libya,LBY,2021,1,comprehensive,terrorism,IEEPA,0,1,0,0,1,0,3.1086,0,61.03,1.485,8.504,76,0.216,0,1,1,1,-0.5077782050815428,3.52833409962665,-0.5392085344599556,1.05224627726842,1.3254727386243341,-0.12769575872287708,0.2737983417927255
Myanmar,MMR,1997,1,targeted,democracy,IEEPA,4,0,0,0,4,-5,4.6616,1,15.08,2.844,4.682,52,0.096,0,1,4,4,1.7160057248047578,0.23564900674303502,1.5738596487931262,-2.121404037898813,-0.6275993251737434,-0.9149117861867443,2.70075216736821
Myanmar,MMR,1998,1,targeted,democracy,IEEPA,0,0,0,0,0,-5,4.6202,1,14.65,2.661,4.983,53,0.096,0,0,0,0,1.6567239123789408,0.20483606680963015,1.289318458553749,-1.871464544213482,-0.5462213225154902,-0.9149117861867443,2.136044720957552
Myanmar,MMR,1999,1,targeted,democracy,IEEPA,0,0,0,0,0,-5,3.7638,1,9.29,2.386,5.244,54,0.096,0,0,0,0,0.4304209133096379,-0.17925081236025406,0.8617292382486736,-1.6547396011840085,-0.464843319857237,-0.9149117861867443,0.37090628575261264
Myanmar,MMR,2000,1,targeted,democracy,IEEPA,0,0,0,0,0,-5,3.8441,1,10.85,2.175,5.281,55,0.096,0,0,0,0,0.5454047185703401,-0.06746433260185491,0.5336516910327789,-1.6240161418273398,-0.38346531719898375,-0.9149117861867443,0.29105615036231886
Myanmar,MMR,2001,1,targeted,democracy,IEEPA,0,0,0,0,0,-5,3.9053,1,15.83,1.948,4.952,56,0.096,0,0,0,0,0.6330387021563294,0.28939250662688076,0.18069622554458947,-1.897205820971772,-0.3020873145407305,-0.9149117861867443,0.1143877041032943
Myanmar,MMR,2002,1,targeted,democracy,IEEPA,0,0,0,0,0,-5,3.8961,1,17.4,1.564,4.988,57,0.096,0,0,0,0,0.6198649660617037,0.40189556638373103,-0.41637381299049764,-1.8673127253814992,-0.22070931188247725,-0.9149117861867443,-0.25809553945833696
Myanmar,MMR,2003,1,targeted,democracy,IEEPA,0,0,0,0,0,-5,3.8504,1,20.18,1.336,5.413,58,0.096,0,0,0,0,0.554425863939486,0.6011048059531859,-0.7708841483707056,-1.514408124663008,-0.13933130922422401,-0.9149117861867443,-0.4273981099576834
Myanmar,MMR,2004,1,targeted,democracy,IEEPA,0,0,0,0,0,-6,4.1315,1,18.86,1.312,5.414,59,0.096,0,0,0,0,0.9569407787437609,0.5065162461576175,-0.8082010257791487,-1.513577760896612,-0.05795330656597079,-0.9149117861867443,-0.7734005189906049
Myanmar,MMR,2005,1,targeted,democracy,IEEPA,0,0,0,0,0,-6,3.8848,1,18.78,1.411,5.532,60,0.096,0,0,0,0,0.6036841815106955,0.5007836061700074,-0.6542689064693215,-1.4155948364618305,0.023424696092282447,-0.9149117861867443,-0.39497178928983007
Myanmar,MMR,2006,1,targeted,democracy,IEEPA,0,0,0,0,0,-6,3.8724,1,17.76,1.64,5.715,61,0.096,0,0,0,0,0.585928276339678,0.4276924463279772,-0.29820370119709516,-1.2636382672112803,0.10480269875053569,-0.9149117861867443,-0.17472598064052636
Myanmar,MMR,2007,1,targeted,democracy,IEEPA,0,0,0,0,0,-6,3.8355,1,15.81,1.638,6.039,62,0.096,0,0,0,0,0.5330901391775378,0.28795934662997824,-0.3013134409811321,-0.9946004068988303,0.18618070140878892,-0.9149117861867443,-0.16062722418869455
Myanmar,MMR,2008,1,targeted,democracy,IEEPA,0,0,0,0,0,-6,3.8234,1,13.96,1.711,6.49,63,0.096,0,0,0,0,0.5157638123574317,0.1553920469164921,-0.1878079388637845,-0.6201063482540308,0.2675587040670422,-0.9149117861867443,-0.09686453853937696
Myanmar,MMR,2009,1,targeted,democracy,IEEPA,0,0,1,0,1,-6,3.7017,1,8.97,1.291,6.631,64,0.097,0,1,1,1,0.3414981946709139,-0.2021813723106948,-0.8408532935115364,-0.5030250571921312,0.3489367067252954,-0.9083516526245454,-0.2871498817172818
Myanmar,MMR,2010,1,targeted,democracy,IEEPA,0,0,1,0,1,-6,3.5333,1,7.99,1.304,6.918,65,0.119,0.021,1,1,1,0.10036154702580556,-0.2724062121589199,-0.8206399849152963,-0.26471065623635,0.43031470938354865,-0.7640287142561698,-0.08236069843733287
Myanmar,MMR,2011,1,targeted,democracy,IEEPA,0,0,0,0,0,-3,3.836,1,7.36,1.474,7.101,66,0.223,0.147,0,0,0,0.5338061030957235,-0.3175507520613503,-0.5563121032721589,-0.11275408698579971,0.5116927120418019,-0.0817748237874848,-0.2969627959526968
Myanmar,MMR,2012,1,targeted,democracy,IEEPA,0,0,3,0,3,-3,3.7195,1,5.96,1.356,7.092,67,0.306,0.359,1,3,3,0.36698651015834194,-0.417871951844529,-0.7397867505303365,-0.12022736088336805,0.5930707147000551,0.4627162618750233,-0.2714917578385081
Myanmar,MMR,2013,1,targeted,democracy,IEEPA,0,0,0,0,0,-3,3.4463,1,5.85,1.309,7.089,68,0.355,0.435,0,0,0,-0.024216174738591466,-0.4257543318274931,-0.8128656354552042,-0.12271845218255675,0.6744487173583084,0.784162806422769,0.019684496267179413
Myanmar,MMR,2014,1,targeted,democracy,IEEPA,0,0,0,0,0,-3,3.7419,1,7.88,1.3,7.165,69,0.357,0.444,0,0,0,0.3990616936930828,-0.280288592141884,-0.8268594644833701,-0.05961080593642683,0.7558267200165616,0.7972830735471669,-0.3299679383428891
Myanmar,MMR,2015,1,targeted,democracy,IEEPA,0,0,0,0,0,2,3.4891,1,6.61,1.22,7.062,70,0.37,0.46,0,0,0,0.03707033665814649,-0.37129425194519605,-0.9512490558448468,-0.14513827387526104,0.8372047226748148,0.8825648098557525,-0.035263122745912465
Myanmar,MMR,2016,1,targeted,democracy,IEEPA,1,0,0,0,1,8,3.326,1,6.81,1.276,7.114,71,0.402,0.518,1,1,1,-0.19647709345418815,-0.35696265197617055,-0.8641763418918131,-0.10195935802264593,0.9185827253330681,1.0924890838461172,0.16979085588677623
Myanmar,MMR,2017,1,targeted,democracy,IEEPA,0,0,0,0,0,8,3.162,1,7.82,1.339,7.149,72,0.402,0.529,0,0,0,-0.4313132586192581,-0.28458807213259163,-0.7662195386946504,-0.07289662619877005,0.9999607279913213,1.0924890838461172,0.3304806460521344
Myanmar,MMR,2018,1,targeted,democracy,IEEPA,0,0,0,0,0,8,3.1988,1,6.7,1.573,7.169,73,0.397,0.519,0,0,0,-0.3786183142407547,-0.3648450319591346,-0.40237998396233166,-0.056289350870841394,1.0813387306495745,1.0596884160351228,0.15234843121203992
Myanmar,MMR,2019,1,targeted,democracy,IEEPA,0,0,5,0,5,8,3.6786,1,5.88,1.742,7.263,74,0.421,0.497,1,5,5,0.3084206616507115,-0.4236045918321393,-0.1396069722112125,0.02176484317042521,1.1627167333078277,1.217131621527896,-0.043057674740434655
Myanmar,MMR,2020,1,targeted,democracy,IEEPA,0,0,0,0,0,8,3.4723,1,4.66,1.616,7.307,75,0.426,0.551,0,0,0,0.013013949007090674,-0.5110273516431949,-0.3355205786055378,0.058300848891869435,1.244094735966081,1.2499322893388904,-0.004366447700802027
Myanmar,MMR,2021,1,targeted,democracy,IEEPA,3,0,0,0,3,8,3.521,1,8.68,1.485,7.125,76,0.102,0.042,1,3,3,0.08274883463842504,-0.2229621922657819,-0.5392085344599556,-0.09282535659228487,1.3254727386243341,-0.8755509848135511,-0.04461887785365438
Nicaragua,NIC,1985,1,comprehensive,national_security,IEEPA,4,0,0,0,4,-1,3.4008,0,0.87,2.984,6.585,40,0.362,0.455,1,4,4,-0.08936889129353473,-0.7826111710562288,1.7915414336757103,-0.5412217904463682,-1.6041353570727823,0.8300837413581613,-0.1601080716340279
Nicaragua,NIC,1986,1,comprehensive,national_security,IEEPA,0,0,0,0,0,-1,3.5366,0,0.88,2.97,6.634,41,0.365,0.455,0,0,0,0.10508690888583419,-0.7818945910577774,1.7697732551874523,-0.5005339658929417,-1.522757354414529,0.849764142044758,0.18598000081646998
Nicaragua,NIC,1987,1,comprehensive,national_security,IEEPA,0,0,0,0,0,-1,3.8081,0,0.74,2.855,6.9,42,0.364,0.455,0,0,0,0.4938553164609345,-0.7919267110360952,1.5909632176053294,-0.279657204031486,-1.4413793517562759,0.8432040084825592,0.7857056433081866
Nicaragua,NIC,1988,1,comprehensive,national_security,IEEPA,0,0,0,0,0,-1,3.821,0,1.08,2.899,6.496,43,0.382,0.461,0,0,0,0.5123271855501383,-0.7675629910887519,1.6593774928541416,-0.6151241656556519,-1.3600013490980225,0.9612864126021393,0.8501442006792072
Nicaragua,NIC,1989,1,comprehensive,national_security,IEEPA,0,0,0,0,0,-1,3.8149,0,2.78,2.995,5.518,44,0.401,0.482,0,0,0,0.5035924257482669,-0.645744391352035,1.8086450024879135,-1.427219929191381,-1.2786233464397694,1.0859289502839184,0.9108199241203686
Nicaragua,NIC,1990,1,comprehensive,national_security,IEEPA,0,0,0,0,0,6,3.8064,0,6.72,3.091,5.491,45,0.631,0.654,0,0,0,0.4914210391391014,-0.36341187196223207,1.9579125121216856,-1.4496397508840853,-1.197245343781516,2.594759669589664,0.9621594012502872
Pakistan,PAK,2001,1,targeted,terrorism,IEEPA,0,117,0,5,122,-6,3.4313,0,1.86,1.948,6.413,56,0.203,0,2,55,117,-0.04569509228417729,-0.7116697512095523,0.18069622554458947,-0.6840443582665574,-0.3020873145407305,-0.2129774950314626,-0.008256930701662531
Pakistan,PAK,2002,1,targeted,terrorism,IEEPA,0,100,0,7,107,-5,3.2553,0,2.2,1.564,6.397,57,0.243,0.136,2,57,100,-0.29771439148571516,-0.687306031262209,-0.41637381299049764,-0.6973301785289007,-0.22070931188247725,0.049427847456493014,0.12396047636505296
Pakistan,PAK,2003,1,targeted,terrorism,IEEPA,0,89,0,11,100,-5,3.0464,0,2.19,1.336,6.511,58,0.356,0.182,2,61,89,-0.5968441165039043,-0.6880226112606602,-0.7708841483707056,-0.6026687091597054,-0.13933130922422401,0.7907229399849679,0.4600976684611785
Pakistan,PAK,2004,1,targeted,terrorism,IEEPA,0,64,0,61,125,-5,3.1997,0,2.45,1.312,6.649,59,0.356,0.182,2,70,64,-0.3773295791880194,-0.6693915313009271,-0.8082010257791487,-0.4880785093969953,-0.05795330656597079,0.7907229399849679,0.3049581529565718
Pakistan,PAK,2005,1,targeted,terrorism,IEEPA,0,2,0,34,36,-5,3.2672,0,2.89,1.411,6.719,60,0.358,0.182,2,22,2,-0.2806744502328841,-0.6378620113690708,-0.6542689064693215,-0.42995304574924353,0.023424696092282447,0.8038432071093657,0.18363656562774708
Pakistan,PAK,2006,1,targeted,terrorism,IEEPA,0,0,0,23,23,-5,3.3121,0,2.74,1.64,6.803,61,0.355,0.182,1,20,0,-0.2163808903797642,-0.64861071134584,-0.29820370119709516,-0.360202489371942,0.10480269875053569,0.784162806422769,0.06452558237956861
Pakistan,PAK,2007,1,targeted,terrorism,IEEPA,0,0,0,13,13,2,3.2504,0,2.23,1.638,6.906,62,0.351,0.182,1,13,0,-0.30473083788393995,-0.6851562912668551,-0.3013134409811321,-0.2746750214331078,0.18618070140878892,0.7579222721739735,0.09181949733587348
Pakistan,PAK,2008,1,targeted,terrorism,IEEPA,0,800,0,30,830,5,3.145,0,2.3,1.711,6.973,63,0.416,0.312,2,70,800,-0.45565603183758835,-0.6801402312776962,-0.1878079388637845,-0.21904064908454546,0.2675587040670422,1.1843309537169016,0.08557582017026844
Pakistan,PAK,2009,1,targeted,terrorism,IEEPA,0,48,0,54,102,5,3.2394,0,1.84,1.291,6.871,64,0.451,0.333,2,68,48,-0.3204820440840363,-0.7131029112064549,-0.8408532935115364,-0.30373775325698293,0.3489367067252954,1.413935628393863,0.2694783822793713
Pakistan,PAK,2010,1,targeted,terrorism,IEEPA,0,21,0,111,132,6,2.8881,0,2.28,1.304,6.895,65,0.466,0.343,2,41,21,-0.8235182930016517,-0.6815733912745988,-0.8206399849152963,-0.2838090228634689,0.43031470938354865,1.5123376318268464,0.675812039546346
Pakistan,PAK,2011,1,targeted,terrorism,IEEPA,0,1,0,60,61,6,3.1447,0,2.62,1.474,7.032,66,0.466,0.343,2,21,1,-0.45608561018850036,-0.6572096713272553,-0.5563121032721589,-0.17004918686715476,0.5116927120418019,1.5123376318268464,0.2537259450761306
Pakistan,PAK,2012,1,targeted,terrorism,IEEPA,0,5,0,46,51,6,3.1136,0,2.56,1.356,7.094,67,0.466,0.343,2,25,5,-0.5006185658996811,-0.661509151317963,-0.7397867505303365,-0.11856663335057459,0.5930707147000551,1.5123376318268464,0.37035098212208223
Pakistan,PAK,2013,1,targeted,terrorism,IEEPA,0,2086,0,29,2115,7,3.2161,0,2.15,1.309,7.111,68,0.47,0.344,2,70,2086,-0.35384596267151247,-0.6908889312544653,-0.8128656354552042,-0.10445044932183538,0.6744487173583084,1.5385781660756417,0.28762922330023744
Pakistan,PAK,2014,1,targeted,terrorism,IEEPA,0,48,0,27,75,7,2.9584,0,2,1.3,7.144,69,0.469,0.343,2,68,48,-0.7228537661046737,-0.7016376312312345,-0.8268594644833701,-0.07704844503075221,0.7558267200165616,1.532018032513443,0.5976984779410978
Pakistan,PAK,2015,1,targeted,terrorism,IEEPA,0,65,0,15,80,7,3.393,0,1.23,1.22,7.23,70,0.441,0.337,2,65,65,-0.10053792841723931,-0.7568142911119827,-0.9512490558448468,-0.00563716112065722,0.8372047226748148,1.348334292771874,0.09563660948349569
Pakistan,PAK,2016,1,targeted,terrorism,IEEPA,0,41,0,10,51,7,2.6541,0,0.97,1.276,7.262,71,0.429,0.337,2,51,41,-1.1585894067127878,-0.7754453710717158,-0.8641763418918131,0.020934479404028483,0.9185827253330681,1.2696126900254872,1.001225555247663
Pakistan,PAK,2017,1,targeted,terrorism,IEEPA,0,2,0,1,3,7,2.7675,0,1.11,1.339,7.326,72,0.419,0.337,2,3,2,-0.9962087900681604,-0.7654132510933981,-0.7662195386946504,0.07407776045340136,0.9999607279913213,1.2040113544034983,0.7633146395695818
Pakistan,PAK,2018,1,targeted,terrorism,IEEPA,0,0,0,1,1,7,2.8073,0,1.24,1.573,7.358,73,0.395,0.318,1,1,0,-0.9392180621805397,-0.7560977111135314,-0.40237998396233166,0.1006494009780878,1.0813387306495745,1.046568148910725,0.3779225487973378
Pakistan,PAK,2019,1,targeted,terrorism,IEEPA,0,1134,0,0,1134,7,3.1196,0,1.3,1.742,7.237,74,0.368,0.29,1,50,1134,-0.4920269988814465,-0.7517982311228237,-0.1396069722112125,1.7538524411766165e-4,1.1627167333078277,0.8694445427313547,0.06869039956000839
Pakistan,PAK,2020,1,targeted,terrorism,IEEPA,0,0,0,0,0,7,2.7729,0,1.12,1.616,7.153,75,0.377,0.317,0,0,0,-0.9884763797517497,-0.7646966710949468,-0.3355205786055378,-0.06957517113318461,1.244094735966081,0.9284857447911448,0.3316541668722144
Pakistan,PAK,2021,1,targeted,terrorism,IEEPA,0,0,0,0,0,7,2.7469,0,1.44,1.485,7.283,76,0.394,0.311,0,0,0,-1.0257065034974313,-0.741766111144506,-0.5392085344599556,0.038372118498354604,1.3254727386243341,1.040008015348526,0.5530697005368953
Panama,PAN,1988,1,comprehensive,narcotics,IEEPA,4,0,0,0,4,-8,2.9855,0,0.13,2.899,7.828,43,0.132,0.04,1,4,4,-0.6840485217389823,-0.8356380909416231,1.6593774928541416,0.49092037118442006,-1.3600013490980225,-0.6787469779475841,-1.1350947209938143
Panama,PAN,1989,1,comprehensive,narcotics,IEEPA,0,0,0,7,7,8,3.0956,0,0.14,2.995,7.809,44,0.146,0.086,1,7,0,-0.5263932669543836,-0.8349215109431718,1.8086450024879135,0.4751434596228874,-1.2786233464397694,-0.5869051080767997,-0.952058551620332
Panama,PAN,1990,1,comprehensive,narcotics,IEEPA,0,0,0,0,0,8,3.1751,0,0.27,3.091,7.871,45,0.476,0.326,0,0,0,-0.4125550039627798,-0.8256059709633053,1.9579125121216856,0.5266260131394676,-1.197245343781516,1.577938967448835,-0.8077466041971381
Russia,RUS,2014,1,sectoral,national_security,IEEPA,13,0,0,1,14,4,2.5648,1,12.43,1.3,9.551,69,0.264,0.33,2,11,13,-1.2864605625008412,0.04575530715344675,-0.8268594644833701,1.9216371406855042,0.7558267200165616,0.1871906522626699,1.0637220917884207
Russia,RUS,2015,1,sectoral,national_security,IEEPA,1,1,0,0,2,4,2.4674,1,9.76,1.22,9.135,70,0.265,0.342,2,2,2,-1.4259303337635105,-0.14557155243304404,-0.9512490558448468,1.5762058138645805,0.8372047226748148,0.1937507858248688,1.3564148836930665
Russia,RUS,2016,1,sectoral,national_security,IEEPA,0,3,0,0,3,4,2.2799,1,8.19,1.276,9.067,71,0.263,0.334,1,3,3,-1.6944168030833313,-0.25807461218989447,-0.8641763418918131,1.519741077749622,0.9185827253330681,0.180630518700471,1.4642749145285738
Russia,RUS,2017,1,sectoral,national_security,IEEPA,0,1,1,0,2,4,2.2383,1,9.72,1.339,9.274,72,0.261,0.33,2,2,2,-1.753985001076422,-0.14843787242684908,-0.7662195386946504,1.6916263773936866,0.9999607279913213,0.16751025157607322,1.343937578402112
Russia,RUS,2018,1,sectoral,national_security,IEEPA,3,0,0,0,3,4,2.4472,1,14.47,1.573,9.325,73,0.264,0.349,1,3,3,-1.4548552760582327,0.1919376268375072,-0.40237998396233166,1.7339749294799056,1.0813387306495745,0.1871906522626699,0.5854046426478253
Russia,RUS,2019,1,sectoral,national_security,IEEPA,0,0,0,0,0,4,2.7305,1,12.21,1.742,9.346,74,0.259,0.345,0,0,0,-1.0491901200139382,0.02999054718751875,-0.1396069722112125,1.7514125685742317,1.1627167333078277,0.1543899844516754,0.14647425592906457
Russia,RUS,2020,1,sectoral,national_security,IEEPA,0,0,0,0,0,4,2.5555,1,7.59,1.616,9.221,75,0.255,0.323,0,0,0,-1.2997774913791045,-0.301069412096971,-0.3355205786055378,1.6476170977746754,1.244094735966081,0.1281494502028798,0.43610209596597155
Russia,RUS,2021,1,sectoral,national_security,IEEPA,4,0,2,0,6,4,2.5441,0,18.51,1.485,9.427,76,0.245,0.302,2,6,6,-1.3161014687137498,0.4814359462118229,-0.5392085344599556,1.8186720336523439,1.3254727386243341,0.06254811458089081,0.7096531441457362
Sierra Leone,SLE,2001,1,targeted,human_rights,IEEPA,4,1668,0,0,1672,2,3.0582,0,8.05,1.948,5.881,56,0.232,0,2,54,1672,-0.5799473680347109,-0.26810673216821224,0.18069622554458947,-1.1257978819894692,-0.3020873145407305,-0.022733621727694702,-0.10479430041839116
Sierra Leone,SLE,2002,1,targeted,human_rights,IEEPA,0,69,0,0,69,5,3.0488,0,8.44,1.564,5.964,57,0.43,0.371,1,50,69,-0.5934074896966111,-0.24016011222861253,-0.41637381299049764,-1.0568776893785636,-0.22070931188247725,1.2761728235876861,0.2470793391420974
Sierra Leone,SLE,2003,1,targeted,human_rights,IEEPA,0,63,0,0,63,5,3.375,0,12.88,1.336,6.025,58,0.56,0.563,1,50,63,-0.1263126294719418,0.07800140708375426,-0.7708841483707056,-1.0062254996283801,-0.13933130922422401,2.128990186673543,0.09737240379894235
Sierra Leone,SLE,2004,1,targeted,human_rights,IEEPA,0,61,0,0,61,5,3.2018,0,11.1,1.312,6.035,59,0.557,0.563,1,50,61,-0.3743225307316374,-0.04954983264057301,-0.8082010257791487,-0.9979218619644158,-0.05795330656597079,2.109309785986946,0.3025278533095562
Somalia,SOM,2013,1,targeted,terrorism,IEEPA,0,0,0,1,1,5,3.0136,1,17.81,1.309,5.975,68,0.162,0,1,1,0,-0.6438113495369189,0.43127534632023334,-0.8128656354552042,-1.0477436879482032,0.6744487173583084,-0.4819429710816173,0.5233321217546001
Somalia,SOM,2014,1,targeted,terrorism,IEEPA,0,0,0,0,0,5,3.1365,1,18.29,1.3,6.062,69,0.162,0,0,0,0,-0.4678274184467538,0.46567118624589465,-0.8268594644833701,-0.9755020402717115,0.7558267200165616,-0.4819429710816173,0.38682752868752035
Somalia,SOM,2015,1,targeted,terrorism,IEEPA,0,0,0,5,5,5,2.9092,1,18.88,1.22,6.099,70,0.162,0,1,5,0,-0.7933046156541951,0.50794940615452,-0.9512490558448468,-0.944778580915043,0.8372047226748148,-0.4819429710816173,0.7546302666384122
Somalia,SOM,2016,1,targeted,terrorism,IEEPA,0,0,0,5,5,5,3.0897,1,19.55,1.276,6.133,71,0.16,0,1,5,0,-0.5348416411889806,0.5559602660507555,-0.8641763418918131,-0.9165462128575638,0.9185827253330681,-0.4950632382060151,0.46219749297410695
Somalia,SOM,2017,1,targeted,terrorism,IEEPA,0,0,0,5,5,5,2.8588,1,18.7,1.339,6.236,72,0.167,0,1,5,0,-0.8654737786073625,0.495050966182397,-0.7662195386946504,-0.8310187449187296,0.9999607279913213,-0.4491423032706228,0.6631429193968493
Somalia,SOM,2018,1,targeted,terrorism,IEEPA,0,0,0,5,5,5,3.1307,1,11.74,1.573,6.233,73,0.154,0,1,5,0,-0.47613259989771334,-0.003688712739691284,-0.40237998396233166,-0.833509836217919,1.0813387306495745,-0.5344240395792085,0.19158622791078517
Somalia,SOM,2019,1,targeted,terrorism,IEEPA,0,0,0,8,8,5,3.2497,1,10.73,1.742,6.291,74,0.148,0,1,8,0,-0.30573318736940086,-0.07606329258327019,-0.1396069722112125,-0.7853487377669243,1.1627167333078277,-0.5737848409524019,0.04268248459312537
Somalia,SOM,2020,1,targeted,terrorism,IEEPA,0,569,0,8,577,5,3.1747,1,11.46,1.616,6.25,75,0.154,0,2,58,569,-0.4131277750973287,-0.023752952696326976,-0.3355205786055378,-0.819393652189179,1.244094735966081,-0.5344240395792085,0.1386128701386742
Somalia,SOM,2021,1,targeted,terrorism,IEEPA,0,0,0,8,8,5,3.1612,1,11.24,1.485,6.308,76,0.161,0,1,8,0,-0.43245880088835587,-0.0395177126622551,-0.5392085344599556,-0.7712325537381851,1.3254727386243341,-0.4885031046438162,0.23318547624132013
South Sudan,SSD,2014,1,targeted,human_rights,IEEPA,4,0,0,0,4,0,2.2348,1,28.46,1.3,7.125,69,0.164,0,1,4,4,-1.7589967485037257,1.1944330446708429,-0.8268594644833701,-0.09282535659228487,0.7558267200165616,-0.4688227039572195,1.45444310949578
South Sudan,SSD,2015,1,targeted,human_rights,IEEPA,0,6,0,0,6,0,2.1763,1,13.05,1.22,6.985,70,0.166,0,1,6,6,-1.8427645269315096,0.09018326705742595,-0.9512490558448468,-0.20907628388778768,0.8372047226748148,-0.4557024368328217,1.7529280163879741
Sudan,SDN,1997,1,comprehensive,terrorism,IEEPA,4,0,0,0,4,-7,4.626,1,0.26,2.844,5.922,52,0.151,0.055,1,4,4,1.6650290938299017,-0.8263225509617566,1.5738596487931262,-1.091752967567215,-0.6275993251737434,-0.5541044402658052,2.6205221048454663
Sudan,SDN,1998,1,comprehensive,terrorism,IEEPA,0,0,0,0,0,-7,4.6408,1,0.26,2.661,5.86,53,0.151,0.055,0,0,0,1.6862216258082117,-0.8263225509617566,1.289318458553749,-1.1432355210837946,-0.5462213225154902,-0.5541044402658052,2.1740766673670398
Sudan,SDN,1999,1,comprehensive,terrorism,IEEPA,0,0,0,0,0,-7,4.0948,1,2.11,2.386,5.783,54,0.149,0.055,0,0,0,0.9043890271488951,-0.6937552512482705,0.8617292382486736,-1.2071735310963212,-0.464843319857237,-0.567224707390203,0.7793384674454764
Sudan,SDN,2000,1,comprehensive,terrorism,IEEPA,0,0,0,0,0,-7,4.0429,1,10.78,2.175,5.892,55,0.131,0.003,0,0,0,0.830071972441169,-0.07248039259101388,0.5336516910327789,-1.116663880559108,-0.38346531719898375,-0.685307111509783,0.4429693117721441
Sudan,SDN,2001,1,comprehensive,terrorism,IEEPA,0,0,0,0,0,-7,3.9576,1,6.91,1.948,6.112,56,0.172,0.053,0,0,0,0.7079285279986044,-0.3497968519916578,0.18069622554458947,-0.9339838519518892,-0.3020873145407305,-0.4163416354596285,0.12792001296468505
Sudan,SDN,2002,1,comprehensive,terrorism,IEEPA,0,3,0,0,3,-7,3.9741,1,7.22,1.564,6.227,57,0.173,0.053,1,3,3,0.7315553372987489,-0.32758287203966824,-0.41637381299049764,-0.8384920188162972,-0.22070931188247725,-0.40978150189742957,-0.3046004852046297
Sudan,SDN,2003,1,comprehensive,terrorism,IEEPA,0,0,0,0,0,-7,4.1302,1,7.01,1.336,6.364,58,0.173,0.053,0,0,0,0.9550792725564774,-0.34263105200714505,-0.7708841483707056,-0.7247321828199839,-0.13933130922422401,-0.40978150189742957,-0.7362554716512131
Sudan,SDN,2004,1,comprehensive,terrorism,IEEPA,0,0,0,0,0,-7,3.995,1,10.14,1.312,6.558,59,0.179,0.061,0,0,0,0.7614826290789318,-0.11834151249189548,-0.8082010257791487,-0.5636416121390725,-0.05795330656597079,-0.3704207005242362,-0.6154310419345956
Sudan,SDN,2005,1,comprehensive,terrorism,IEEPA,0,0,0,0,0,-7,3.7095,1,12.48,1.411,6.809,60,0.198,0.062,0,0,0,0.35266723179461784,0.04933820714570318,-0.6542689064693215,-0.3552203067735631,0.023424696092282447,-0.2457781628424571,-0.23073920409382734
Sudan,SDN,2006,1,comprehensive,terrorism,IEEPA,3,3,0,0,6,-7,3.7954,1,12.54,1.64,7.032,61,0.199,0.062,2,6,6,0.4756698329390051,0.05363768713641075,-0.29820370119709516,-0.17004918686715476,0.10480269875053569,-0.2392180292802582,-0.14184650473021526
Sudan,SDN,2007,1,comprehensive,terrorism,IEEPA,0,0,0,0,0,-7,3.9877,1,13.68,1.638,7.275,62,0.198,0.064,0,0,0,0.751029555873413,0.1353278069598563,-0.3013134409811321,0.031729208367182994,0.18618070140878892,-0.2457781628424571,-0.22629529975874949
Sudan,SDN,2008,1,comprehensive,terrorism,IEEPA,0,0,1,0,1,-7,4.0096,1,17.98,1.711,7.331,63,0.201,0.07,1,1,1,0.7823887754899681,0.44345720629390517,-0.1878079388637845,0.07822957928538427,0.2675587040670422,-0.22609776215586042,-0.14693882331493113
Sudan,SDN,2009,1,comprehensive,terrorism,IEEPA,0,0,1,0,1,-7,4.0465,1,9.84,1.291,7.072,64,0.202,0.07,1,1,1,0.835226912652109,-0.1398389124454338,-0.8408532935115364,-0.1368346362112967,0.3489367067252954,-0.2195376285936615,-0.7023033003329981
Sudan,SDN,2010,1,comprehensive,terrorism,IEEPA,0,0,2,0,2,-7,3.7866,1,11.94,1.304,7.174,65,0.213,0.104,1,2,2,0.4630688679789283,0.010642887229334192,-0.8206399849152963,-0.05213753203885849,0.43031470938354865,-0.1473761594094738,-0.3800128288329711
Sudan,SDN,2011,1,comprehensive,terrorism,IEEPA,0,0,1,0,1,-4,3.6469,1,16.78,1.474,7.195,66,0.212,0.116,1,1,1,0.2630285492377074,0.35746760647975206,-0.5563121032721589,-0.03469989294453311,0.5116927120418019,-0.1539362929716727,-0.1463259654470536
Sudan,SDN,2012,1,comprehensive,terrorism,IEEPA,0,0,2,0,2,-4,3.6655,1,6.65,1.356,6.927,67,0.211,0.116,1,2,2,0.28966240699423385,-0.36842793195139095,-0.7397867505303365,-0.2572373823387824,0.5930707147000551,-0.16049642653387158,-0.21428841082106007
Sudan,SDN,2013,1,comprehensive,terrorism,IEEPA,0,0,1,0,1,-4,3.3786,1,7.52,1.309,7.038,68,0.212,0.123,1,1,1,-0.12115768926100116,-0.30608547208612996,-0.8128656354552042,-0.16506700426877585,0.6744487173583084,-0.1539362929716727,0.09848492207142788
Sudan,SDN,2014,1,comprehensive,terrorism,IEEPA,0,0,2,0,2,-4,3.7527,1,5.17,1.3,7.151,69,0.212,0.123,1,2,2,0.4145265143259047,-0.47448177172217987,-0.8268594644833701,-0.07123589866597733,0.7558267200165616,-0.1539362929716727,-0.3427551716496756
Sudan,SDN,2015,1,comprehensive,terrorism,IEEPA,0,0,3,0,3,-4,3.8314,1,2.98,1.22,7.164,70,0.22,0.168,1,3,3,0.5272192350484107,-0.6314127913830093,-0.9512490558448468,-0.06044116970282355,0.8372047226748148,-0.10145522447408149,-0.5015167995630431
Sudan,SDN,2016,1,comprehensive,terrorism,IEEPA,0,0,1,0,1,-4,4.1007,1,2.74,1.276,6.94,71,0.219,0.173,1,1,1,0.9128374013834916,-0.64861071134584,-0.8641763418918131,-0.2464426533756279,0.9185827253330681,-0.10801535803628039,-0.7888524862696145
Sudan,SDN,2017,1,comprehensive,terrorism,IEEPA,3,0,8,0,11,-4,3.6984,1,2.48,1.339,6.874,72,0.226,0.186,2,11,11,0.3367728328108846,-0.6672417913055732,-0.7662195386946504,-0.3012466619577942,0.9999607279913213,-0.0620944231008881,-0.25804192460124664
Sudan,SDN,2018,1,comprehensive,terrorism,IEEPA,0,0,3,0,3,-4,3.763,1,6.15,1.573,6.594,73,0.227,0.186,1,3,3,0.42927537104054014,-0.4042569318739548,-0.40237998396233166,-0.5337485165487998,1.0813387306495745,-0.0555342895386892,-0.1727318169147165
Sudan,SDN,2019,1,comprehensive,terrorism,IEEPA,0,0,6,0,6,-4,3.8496,0,8.26,1.742,6.565,74,0.193,0.051,1,6,6,0.5532803216703883,-0.2530585522007355,-0.1396069722112125,-0.5578290657742968,1.1627167333078277,-0.2785788306534516,-0.07724179049244861
Sudan,SDN,2020,1,comprehensive,terrorism,IEEPA,0,0,0,0,0,-4,3.6592,1,9.29,1.616,6.359,75,0.167,0,0,0,0,0.2806412616250873,-0.17925081236025406,-0.3355205786055378,-0.728884001651966,1.244094735966081,-0.4491423032706228,-0.0941609184810374
Sudan,SDN,2021,1,comprehensive,terrorism,IEEPA,0,42,0,0,42,-4,3.7954,1,12.75,1.485,6.568,76,0.163,0,1,42,42,0.4756698329390051,0.06868586710388762,-0.5392085344599556,-0.5553379744751081,1.3254727386243341,-0.4753828375194184,-0.2564852335058529
Syria,SYR,1979,1,comprehensive,terrorism,IEEPA,0,0,0,0,0,-9,3.2637,1,16.93,1.623,7.044,34,0.143,0.061,0,0,0,-0.2856861976601872,0.3682163064565211,-0.32463648936140876,-0.1600848216703977,-2.0924033730223015,-0.6065855087633963,0.0927441642674127
Syria,SYR,1980,1,comprehensive,terrorism,IEEPA,0,0,0,0,0,-9,3.6374,1,15.4,1.839,7.285,35,0.143,0.061,0,0,0,0.24942523479216974,0.25857956669347587,0.011215407314577753,0.04003284603114732,-2.0110253703640484,-0.6065855087633963,0.002797405602728374
Syria,SYR,1981,1,comprehensive,terrorism,IEEPA,0,0,0,0,0,-9,3.5896,1,10.93,2.144,7.424,36,0.143,0.061,0,0,0,0.18097908421357006,-0.06173169261424471,0.4854507243802072,0.15545340956025414,-1.9296473677057953,-0.6065855087633963,0.0878564275291441
Syria,SYR,1982,1,comprehensive,terrorism,IEEPA,0,0,0,0,0,-9,3.5112,1,8.1,2.543,7.44,37,0.143,0.062,0,0,0,0.06871594184197602,-0.26452383217595593,1.1058438112955713,0.16873922982259734,-1.848269365047542,-0.6065855087633963,0.07598909902329558
Syria,SYR,1983,1,comprehensive,terrorism,IEEPA,0,0,0,0,0,-9,3.7059,0,7.88,2.471,7.482,38,0.143,0.062,0,0,0,0.34751229158367786,-0.280288592141884,0.9938931790702423,0.2036145080112481,-1.7668913623892888,-0.6065855087633963,0.3453900962480866
Syria,SYR,1984,1,comprehensive,terrorism,IEEPA,0,0,0,0,0,-9,3.6709,0,7.54,2.752,7.442,39,0.143,0.062,0,0,0,0.2973948173106445,-0.3046523120892274,1.4308116187274282,0.17039995735539007,-1.6855133597310354,-0.6065855087633963,0.42551595995739105
Syria,SYR,1985,1,comprehensive,terrorism,IEEPA,0,0,0,0,0,-9,3.9743,0,6.54,2.984,7.342,40,0.143,0.062,0,0,0,0.7318417228660233,-0.376310311934355,1.7915414336757103,0.08736358071574458,-1.6041353570727823,-0.6065855087633963,1.3111247694070973
Syria,SYR,1986,1,comprehensive,terrorism,IEEPA,0,0,0,0,0,-9,3.9163,0,2.77,2.97,7.097,41,0.143,0.063,0,0,0,0.6487899083564258,-0.6464609713504862,1.7697732551874523,-0.11607554205138515,-1.522757354414529,-0.6065855087633963,1.1482110280447206
Syria,SYR,1987,1,comprehensive,terrorism,IEEPA,0,0,0,0,0,-9,4.3302,0,4.02,2.855,6.905,42,0.143,0.063,0,0,0,1.2414648398309516,-0.5568884715440767,1.5909632176053294,-0.2755053851995038,-1.4413793517562759,-0.6065855087633963,1.9751248961213357
Syria,SYR,1988,1,comprehensive,terrorism,IEEPA,0,0,0,0,0,-9,4.7498,0,7.53,2.899,6.8,43,0.143,0.063,0,0,0,1.8423017599728009,-0.30536889208767865,1.6593774928541416,-0.36269358067113144,-1.3600013490980225,-0.6065855087633963,3.0570740755444388
Syria,SYR,1989,1,comprehensive,terrorism,IEEPA,0,0,0,0,0,-9,4.4429,0,12.04,2.995,6.696,44,0.143,0.063,0,0,0,1.4028431069901188,0.01780868721384693,1.8086450024879135,-0.44905141237636237,-1.2786233464397694,-0.6065855087633963,2.5372451747322957
Syria,SYR,1990,1,comprehensive,terrorism,IEEPA,0,0,0,0,0,-9,4.0552,0,14.63,3.091,6.886,45,0.144,0.071,0,0,0,0.8476846848285489,0.20340290681272763,1.9579125121216856,-0.29128229676103645,-1.197245343781516,-0.6000253752011975,1.6596924507597435
Syria,SYR,1991,1,comprehensive,terrorism,IEEPA,0,0,0,0,0,-9,3.8762,0,9.29,3.158,6.908,46,0.145,0.075,0,0,0,0.5913696021178931,-0.17925081236025406,2.0620887948869218,-0.27301429390031434,-1.115867341123263,-0.5934652416389986,1.2194566301640446
Syria,SYR,1992,1,comprehensive,terrorism,IEEPA,0,0,0,0,0,-9,3.7084,0,8.49,3.057,6.898,47,0.144,0.06,0,0,0,0.3510921111746087,-0.2365772122363561,1.9050469357930575,-0.2813179315642794,-1.0344893384650096,-0.6000253752011975,0.6688469505743038
Syria,SYR,1993,1,comprehensive,terrorism,IEEPA,0,0,0,0,0,-9,4.0158,0,7.55,2.897,6.901,48,0.144,0.06,0,0,0,0.7912667280754765,-0.3039357320907761,1.6562677530701044,-0.27882684026508997,-0.9531113358067564,-0.6000253752011975,1.3105495657887027
Syria,SYR,1994,1,comprehensive,terrorism,IEEPA,0,0,0,0,0,-9,4.3074,0,6.08,2.785,6.569,49,0.144,0.064,0,0,0,1.2088168851616625,-0.4092729918631137,1.4821223251640379,-0.5545076107087114,-0.8717333331485031,-0.6000253752011975,1.791614492533353
Syria,SYR,1995,1,comprehensive,terrorism,IEEPA,0,0,0,0,0,-9,4.6046,0,6.07,3.039,6.659,50,0.145,0.072,0,0,0,1.6343858381315317,-0.409989571861565,1.8770592777367257,-0.47977487173303096,-0.7903553304902499,-0.5934652416389986,3.0678391008663057
Syria,SYR,1996,1,comprehensive,terrorism,IEEPA,0,0,0,1,1,-9,4.6508,0,6.03,2.986,6.822,51,0.145,0.072,1,1,0,1.7005409041719366,-0.4128558918553701,1.7946511734597477,-0.34442557781040933,-0.7089773278319966,-0.5934652416389986,3.0518777291884662
Syria,SYR,1997,1,comprehensive,terrorism,IEEPA,0,0,0,0,0,-9,4.9238,0,5.05,2.844,6.847,52,0.145,0.072,0,0,0,2.091457203501595,-0.4830807317035952,1.5738596487931262,-0.32366648365049777,-0.6275993251737434,-0.5934652416389986,3.291660099768874
Syria,SYR,1998,1,comprehensive,terrorism,IEEPA,0,0,0,0,0,-9,4.6796,0,3.11,2.661,6.868,53,0.144,0.071,0,0,0,1.7417804258594602,-0.6220972514031429,1.289318458553749,-0.3062288445561724,-0.5462213225154902,-0.6000253752011975,2.2457096538082117
Syria,SYR,1999,1,comprehensive,terrorism,IEEPA,0,0,0,0,0,-9,4.2982,0,4.49,2.386,6.886,54,0.144,0.062,0,0,0,1.1956431490670356,-0.5232092116168666,0.8617292382486736,-0.29128229676103645,-0.464843319857237,-0.6000253752011975,1.030320660062782
Syria,SYR,2000,1,comprehensive,terrorism,IEEPA,0,0,0,0,0,-6,4.0372,0,6.46,2.175,7.037,55,0.15,0.061,0,0,0,0.8219099837738464,-0.38204295192196525,0.5336516910327789,-0.16589736803517258,-0.38346531719898375,-0.560664573828004,0.43861365271763697
Syria,SYR,2001,1,comprehensive,terrorism,IEEPA,0,0,0,0,0,-6,4.2058,0,5.23,1.948,7.079,56,0.152,0.061,0,0,0,1.0633330169862285,-0.4701822917314722,0.18069622554458947,-0.1310220898465218,-0.3020873145407305,-0.5475443067036063,0.19214026266635234
Syria,SYR,2002,1,comprehensive,terrorism,IEEPA,0,0,0,0,0,-6,3.7232,0,5.49,1.564,7.076,57,0.15,0.061,0,0,0,0.3722846431529195,-0.451551211771739,-0.41637381299049764,-0.13351318114571126,-0.22070931188247725,-0.560664573828004,-0.15500957638738785
Syria,SYR,2003,1,comprehensive,terrorism,IEEPA,0,0,0,0,0,-6,3.9789,0,5.81,1.336,7.107,58,0.15,0.06,0,0,0,0.7384285909133362,-0.4286206518212982,-0.7708841483707056,-0.10777190438742082,-0.13933130922422401,-0.560664573828004,-0.5692428954388074
Syria,SYR,2004,1,comprehensive,terrorism,IEEPA,3,0,0,3,6,-6,3.8006,0,4.84,1.312,7.221,59,0.149,0.058,2,6,3,0.4831158576881419,-0.498128911671072,-0.8082010257791487,-0.013110435018225558,-0.05795330656597079,-0.567224707390203,-0.39045473175372947
Syria,SYR,2005,1,comprehensive,terrorism,IEEPA,0,0,0,3,3,-6,3.3978,0,5.53,1.411,7.336,60,0.148,0.06,1,3,0,-0.0936646748026514,-0.4486848917779339,-0.6542689064693215,0.08238139811736643,0.023424696092282447,-0.5737848409524019,0.061281884357935336
Syria,SYR,2006,1,comprehensive,terrorism,IEEPA,0,1,0,0,1,-6,3.7864,0,5.41,1.64,7.449,61,0.148,0.06,1,1,1,0.4627824824116539,-0.4572838517593492,-0.29820370119709516,0.17621250372016495,0.10480269875053569,-0.5737848409524019,-0.1380034491043348
Syria,SYR,2007,1,comprehensive,terrorism,IEEPA,0,0,0,0,0,-6,4.0061,0,4.81,1.638,7.569,62,0.145,0.04,0,0,0,0.777377028062665,-0.5002786516664258,-0.3013134409811321,0.2758561556877391,0.18618070140878892,-0.5934652416389986,-0.2342341472652477
Syria,SYR,2008,1,comprehensive,terrorism,IEEPA,0,0,0,0,0,-6,4.0654,0,5.64,1.711,7.795,63,0.144,0.034,0,0,0,0.8622903487595475,-0.44080251179496993,-0.1878079388637845,0.4635183668933369,0.2675587040670422,-0.6000253752011975,-0.1619449731026645
Syria,SYR,2009,1,comprehensive,terrorism,IEEPA,0,0,0,0,0,-6,4.1823,0,3.3,1.291,7.809,64,0.144,0.034,0,0,0,1.0296827128314774,-0.6084822314325685,-0.8408532935115364,0.4751434596228874,0.3489367067252954,-0.6000253752011975,-0.8658121003562412
Syria,SYR,2010,1,comprehensive,terrorism,IEEPA,0,0,0,0,0,-6,3.8914,0,4.11,1.304,7.912,65,0.144,0.033,0,0,0,0.6131349052307534,-0.5504392515580151,-0.8206399849152963,0.5606709275617217,0.43031470938354865,-0.6000253752011975,-0.5031630193796072
Syria,SYR,2011,1,comprehensive,terrorism,IEEPA,3,0,0,1,4,-6,4.2165,1,20.35,1.474,7.99,66,0.144,0.033,2,4,3,1.0786546448354128,0.6132866659268578,-0.5563121032721589,0.625439301340645,0.5116927120418019,-0.6000253752011975,-0.600068634172672
Syria,SYR,2012,1,comprehensive,terrorism,IEEPA,0,0,0,3,3,-9,4.0352,1,15.24,1.356,7.548,67,0.144,0.03,1,3,0,0.8190461281011007,0.24711428671825544,-0.7397867505303365,0.2584185165934137,0.5930707147000551,-0.6000253752011975,-0.605919473642367
Syria,SYR,2013,1,comprehensive,terrorism,IEEPA,0,0,1,3,4,-9,4.2781,1,10.47,1.309,6.894,68,0.136,0,2,4,1,1.1668613995559518,-0.09469437254300335,-0.8128656354552042,-0.2846393866298648,0.6744487173583084,-0.6525064436987885,-0.9485015330381976
Syria,SYR,2014,1,comprehensive,terrorism,IEEPA,0,4,0,16,20,-9,4.296,1,5.74,1.3,6.967,69,0.137,0,2,20,4,1.1924929078270172,-0.4336367118104571,-0.8268594644833701,-0.22402283168292436,0.7558267200165616,-0.6459463101365897,-0.9860240471660643
Syria,SYR,2015,1,comprehensive,terrorism,IEEPA,0,10,0,5,15,-9,4.1178,1,3.61,1.22,6.743,70,0.136,0,2,15,10,0.9373233673854593,-0.586268251480579,-0.9512490558448468,-0.4100243153557287,0.8372047226748148,-0.6525064436987885,-0.8916279682467306
Syria,SYR,2016,1,comprehensive,terrorism,IEEPA,0,4,0,0,4,-9,3.9774,1,3.17,1.276,6.487,71,0.136,0,1,4,4,0.7362806991587776,-0.6177977714124352,-0.8641763418918131,-0.6225974395532202,0.9185827253330681,-0.6525064436987885,-0.636276361204579
Syria,SYR,2017,1,comprehensive,terrorism,IEEPA,0,7,1,3,11,-9,4.4312,1,3.11,1.339,6.747,72,0.137,0,3,11,8,1.3860895513045617,-0.6220972514031429,-0.7662195386946504,-0.40670286029014324,0.9999607279913213,-0.6459463101365897,-1.0620488965900563
Syria,SYR,2018,1,comprehensive,terrorism,IEEPA,0,1,0,0,1,-9,4.348,1,3.35,1.573,7.001,73,0.135,0,1,1,1,1.2669531553183804,-0.6048993314403122,-0.40237998396233166,-0.19579046362544447,1.0813387306495745,-0.6590665772609874,-0.5097965903180354
Syria,SYR,2019,1,comprehensive,terrorism,IEEPA,3,0,6,0,9,-9,4.4687,1,3.77,1.742,7.012,74,0.136,0,2,9,9,1.4397868451685265,-0.5748029715053586,-0.1396069722112125,-0.18665646219508414,1.1627167333078277,-0.6525064436987885,-0.2010042820835118
Syria,SYR,2020,1,comprehensive,terrorism,IEEPA,0,0,0,0,0,-9,4.4095,1,6.37,1.616,6.35,75,0.138,0,0,0,0,1.3550167172552823,-0.3884921719080267,-0.3355205786055378,-0.7363572755495343,1.244094735966081,-0.6393861765743907,-0.45463599299366875
Vietnam,VNM,1985,1,comprehensive,national_security,TWEA,0,0,0,0,0,-7,4.0522,0,2.17,2.984,5.475,40,0.144,0.529,0,0,0,0.8433889013194316,-0.6894557712575627,1.7915414336757103,-1.4629255711464284,-1.6041353570727823,-0.6000253752011975,1.5109661614159966
Vietnam,VNM,1986,1,comprehensive,national_security,TWEA,0,0,0,0,0,-7,4.2869,1,1.47,2.97,6.079,41,0.154,0.529,0,0,0,1.1794623645160285,-0.7396163711491521,1.7697732551874523,-0.9613858562429723,-1.522757354414529,-0.5344240395792085,2.087380948220621
Vietnam,VNM,1987,1,comprehensive,national_security,TWEA,0,0,0,0,0,-7,4.2405,1,1.16,2.855,6.389,42,0.163,0.527,0,0,0,1.11302091290835,-0.7618303511011417,1.5909632176053294,-0.7039730886600722,-1.4413793517562759,-0.4753828375194184,1.7707753328626896
Vietnam,VNM,1988,1,comprehensive,national_security,TWEA,0,0,0,0,0,-7,4.1979,1,1.76,2.899,6.003,43,0.165,0.526,0,0,0,1.0520207870788865,-0.7188355511940652,1.6593774928541416,-1.0244935024891022,-1.3600013490980225,-0.4622625703950206,1.7456996160934033
Vietnam,VNM,1989,1,comprehensive,national_security,TWEA,0,0,0,0,0,-7,4.1469,0,9.25,2.995,4.586,44,0.161,0.526,0,0,0,0.978992467423895,-0.1821171323540591,1.8086450024879135,-2.2011189594728724,-1.2786233464397694,-0.4885031046438162,1.770649833679539
Vietnam,VNM,1990,1,comprehensive,national_security,TWEA,0,0,0,0,0,-7,3.7234,0,12.33,3.091,4.593,45,0.154,0.542,0,0,0,0.37257102872019393,0.03858950716893401,1.9579125121216856,-2.1953064131080975,-1.197245343781516,-0.5344240395792085,0.7294614787853155
Vietnam,VNM,1991,1,comprehensive,national_security,TWEA,0,0,0,0,0,-7,3.7796,0,8.02,3.158,4.968,46,0.155,0.542,0,0,0,0.4530453731243215,-0.27025647216356613,2.0620887948869218,-1.8839200007094286,-1.115867341123263,-0.5278639060170096,0.934219787495028
Vietnam,VNM,1992,1,comprehensive,national_security,TWEA,0,0,0,0,0,-7,3.9179,0,10.26,3.057,4.974,47,0.153,0.525,0,0,0,0.6510809928946213,-0.10974255251048022,1.9050469357930575,-1.8789378181110497,-1.0344893384650096,-0.5409841731414073,1.2403398504669998
Vietnam,VNM,1993,1,comprehensive,national_security,TWEA,0,9,0,0,9,-7,4.1468,0,7.69,2.897,5.244,48,0.15,0.504,1,9,9,0.9788492746402581,-0.2939036121124582,1.6562677530701044,-1.6547396011840085,-0.9531113358067564,-0.560664573828004,1.6212364887027217
Vietnam,VNM,1994,1,comprehensive,national_security,TWEA,0,41,0,0,41,-7,4.5145,0,6.74,2.785,5.437,49,0.15,0.504,1,41,41,1.5053691400743812,-0.3619787119653295,1.4821223251640379,-1.4944793942694932,-0.8717333331485031,-0.560664573828004,2.23114121011723
Yemen,YEM,2012,1,targeted,terrorism,IEEPA,4,0,0,5,9,3,3.3795,1,18.85,1.356,7.127,67,0.357,0.336,2,9,4,-0.11986895420826585,0.5057996661591663,-0.7397867505303365,-0.09116462905949216,0.5930707147000551,0.7972830735471669,0.0886774641232027
Yemen,YEM,2013,1,targeted,terrorism,IEEPA,0,0,0,3,3,3,3.4142,1,13.59,1.309,7.229,68,0.336,0.335,1,3,0,-0.07018105828614446,0.1288785869737948,-0.8128656354552042,-0.006467524887053948,0.6744487173583084,0.6595202687409903,0.05704777054068554
Yemen,YEM,2014,1,targeted,terrorism,IEEPA,0,74,0,5,79,0,3.4531,1,10.97,1.3,7.266,69,0.3,0.306,2,55,74,-0.014479065451259108,-0.05886537262043953,-0.8268594644833701,0.024255934469614656,0.7558267200165616,0.42335546050182993,0.011972152305247771
Yemen,YEM,2015,1,targeted,terrorism,IEEPA,0,24,0,0,24,0,3.4593,1,2.07,1.22,7.217,70,0.184,0.029,1,24,24,-0.005601112865750714,-0.6966215712420756,-0.9512490558448468,-0.016431890083811733,0.8372047226748148,-0.3376200327132417,0.005328053325225791
Yemen,YEM,2016,1,targeted,terrorism,IEEPA,0,0,0,0,0,0,3.3092,1,0.77,1.276,6.883,71,0.113,0,0,0,0,-0.22053348110524396,-0.7897769710407415,-0.8641763418918131,-0.2937733880602259,0.9185827253330681,-0.8033895156293631,0.19057981696619702
Yemen,YEM,2017,1,targeted,terrorism,IEEPA,0,1,0,0,1,0,3.1376,1,2,1.339,6.698,72,0.112,0,1,1,1,-0.46625229782674404,-0.7016376312312345,-0.7662195386946504,-0.4473906848435689,0.9999607279913213,-0.809949649191562,0.3572516205561286
Yemen,YEM,2018,1,targeted,terrorism,IEEPA,0,0,0,0,0,0,3.1149,1,4.88,1.573,6.452,73,0.113,0,0,0,0,-0.4987570597123969,-0.4952625916772669,-0.40237998396233166,-0.6516601713770961,1.0813387306495745,-0.8033895156293631,0.20068985768817396
Zimbabwe,ZWE,2003,1,targeted,democracy,IEEPA,4,0,0,0,4,-4,3.5651,0,6.98,1.336,6.149,58,0.269,0.089,1,4,4,0.1458968522224472,-0.34478079200249884,-0.7708841483707056,-0.9032603925952205,-0.13933130922422401,0.2199913200736644,-0.1124695706754679
Zimbabwe,ZWE,2004,1,targeted,democracy,IEEPA,0,0,0,0,0,-4,3.6043,0,8.44,1.312,6.152,59,0.259,0.089,0,0,0,0.2020284234082439,-0.24016011222861253,-0.8082010257791487,-0.900769301296031,-0.05795330656597079,0.1543899844516754,-0.16327957903508689
Zimbabwe,ZWE,2005,1,targeted,democracy,IEEPA,0,0,0,0,0,-4,3.8214,0,8.56,1.411,6.134,60,0.258,0.086,0,0,0,0.5128999566846872,-0.23156115224719714,-0.6542689064693215,-0.915715849091167,0.023424696092282447,0.1478298508894765,-0.33557449378825266
Zimbabwe,ZWE,2006,1,targeted,democracy,IEEPA,0,0,0,0,0,-4,3.7307,0,11.48,1.64,6.066,61,0.255,0.093,0,0,0,0.3830241019257127,-0.022319792699424454,-0.29820370119709516,-0.972180585206126,0.10480269875053569,0.1281494502028798,-0.11421920484194094
Zimbabwe,ZWE,2007,1,targeted,democracy,IEEPA,0,0,0,0,0,-4,3.8113,0,15.56,1.638,6.025,62,0.255,0.093,0,0,0,0.49843748553732625,0.2700448466686963,-0.3013134409811321,-1.0062254996283801,0.18618070140878892,0.1281494502028798,-0.15018591388123503
Zimbabwe,ZWE,2008,1,targeted,democracy,IEEPA,0,0,0,0,0,-4,3.9796,0,18.32,1.711,5.832,63,0.251,0.064,0,0,0,0.7394309403987971,0.46782092624124855,-0.1878079388637845,-1.1664857065428955,0.2675587040670422,0.1019089159540842,-0.13887100084840795
Zimbabwe,ZWE,2009,1,targeted,democracy,IEEPA,0,0,0,0,0,1,3.8383,0,6.76,1.291,6.601,64,0.254,0.056,0,0,0,0.53709953711938,-0.36054555196842697,-0.8408532935115364,-0.5279359701840249,0.3489367067252954,0.1215893166406809,-0.45162191473035235
Zimbabwe,ZWE,2010,1,targeted,democracy,IEEPA,0,0,0,0,0,1,3.5588,0,7.1,1.304,6.805,65,0.265,0.062,0,0,0,0.13687570685330128,-0.33618183202108354,-0.8206399849152963,-0.35854176183914926,0.43031470938354865,0.1937507858248688,-0.11232567800736368
Zimbabwe,ZWE,2011,1,targeted,democracy,IEEPA,0,0,0,0,0,1,3.6339,0,7.88,1.474,6.945,66,0.266,0.062,0,0,0,0.24441348736486665,-0.280288592141884,-0.5563121032721589,-0.24229083454364572,0.5116927120418019,0.2003109193870677,-0.13597018122403218
Zimbabwe,ZWE,2012,1,targeted,democracy,IEEPA,0,0,0,0,0,1,3.5995,0,5.97,1.356,7.122,67,0.266,0.062,0,0,0,0.1951551697936566,-0.41715537184607776,-0.7397867505303365,-0.09531644789147432,0.5930707147000551,0.2003109193870677,-0.1443732089108453
Zimbabwe,ZWE,2013,1,targeted,democracy,IEEPA,0,0,0,0,0,4,3.7961,0,5.04,1.309,7.217,68,0.289,0.136,0,0,0,0.47667218242446596,-0.4837973117020465,-0.8128656354552042,-0.016431890083811733,0.6744487173583084,0.351193991317642,-0.3874704364702825
Zimbabwe,ZWE,2014,1,targeted,democracy,IEEPA,0,0,0,0,0,4,4.1681,0,5.62,1.3,7.225,69,0.303,0.194,0,0,0,1.0093493375549898,-0.44223567179187245,-0.8268594644833701,-0.009788979952640123,0.7558267200165616,0.44303586118842664,-0.8345900527273632
Zimbabwe,ZWE,2015,1,targeted,democracy,IEEPA,0,0,0,0,0,4,4.1105,0,4.61,1.22,7.235,70,0.302,0.194,0,0,0,0.9268702941799412,-0.5146102516354514,-0.9512490558448468,-0.0014853422886750565,0.8372047226748148,0.4364757276262277,-0.8816844922293043
Zimbabwe,ZWE,2016,1,targeted,democracy,IEEPA,0,0,0,0,0,4,4.0209,0,4.5,1.276,7.25,71,0.297,0.19,0,0,0,0.7985695600409763,-0.5224926316184154,-0.8641763418918131,0.010970114207271436,0.9185827253330681,0.4036750598152332,-0.6901049211423655
Zimbabwe,ZWE,2017,1,targeted,democracy,IEEPA,0,0,0,0,0,4,4.0761,0,6.1,1.339,8.145,72,0.3,0.188,0,0,0,0.8776119766087318,-0.4078398318662112,-0.7662195386946504,0.7541456851320942,0.9999607279913213,0.42335546050182993,-0.6724434438700428
Zimbabwe,ZWE,2018,1,targeted,democracy,IEEPA,0,0,0,0,0,4,4.397,0,3.38,1.573,7.728,73,0.313,0.185,0,0,0,1.3371176193006273,-0.6027495914449584,-0.40237998396233166,0.4078839945447746,1.0813387306495745,0.5086371968104156,-0.5380293662099375
Zimbabwe,ZWE,2019,1,targeted,democracy,IEEPA,0,0,0,0,0,4,4.1348,0,4.72,1.742,7.689,74,0.304,0.175,0,0,0,0.9616661406037902,-0.5067278716524873,-0.1396069722112125,0.37549980765531327,1.1627167333078277,0.4495959947506255,-0.1342552981677373
Zimbabwe,ZWE,2020,1,targeted,democracy,IEEPA,0,0,0,0,0,4,3.1129,0,4.75,1.616,7.63,75,0.299,0.189,0,0,0,-0.501620915385142,-0.5045781316571335,-0.3355205786055378,0.32650834543792256,1.244094735966081,0.416795326939631,0.16830413977066236
Zimbabwe,ZWE,2021,1,targeted,democracy,IEEPA,0,0,0,0,0,4,3.0765,0,6.4,1.485,7.868,76,0.297,0.191,0,0,0,-0.5537430886290965,-0.38634243191267287,-0.5392085344599556,0.5241349218402781,1.3254727386243341,0.4036750598152332,0.2985829992870245
